"","year","chinook","pod","heading","whales","sot.n","tot.time","rolling","cartwheel","breach","pecslap","dorsal.slap","tailslap","other.perc","spyhop","tide","tot.breach","tot.perc","pwm","bwm","swm","npods"
"1",2000,-0.49,"J","N",19,3.47,77,0,0,0,0,0,0,0,0,"slack",0,0,0,0,0,1
"2",2000,-0.49,"J","S",14,0.57,14,0,0,0,0,0,0,0,1,"flood",0,0,0,0,0.00510204081632653,1
"3",2000,-0.49,"J","S",14,1.29,27,0,0,0,0,0,0,0,0,"slack",0,0,0,0,0,1
"4",2000,-0.49,"J","N",17,2.35,53,0,0,8,1,0,4,0,0,"flood",8,5,0.00554938956714761,0.00887902330743618,0,1
"5",2000,-0.49,"J","N",18,2.39,60,0,0,2,0,0,1,0,0,"flood",2,1,0.000925925925925926,0.00185185185185185,0,1
"6",2000,-0.49,"J","S",17,2.24,48,0,0,0,0,0,2,0,1,"ebb",0,2,0.00245098039215686,0,0.00122549019607843,1
"7",2000,-0.49,"J","NS",6,NA,54,0,0,0,0,0,6,0,0,"flood",0,6,0.0185185185185185,0,0,1
"8",2000,-0.49,"J","S",19,0.05,14,0,0,0,0,0,0,0,0,"ebb",0,0,0,0,0,1
"9",2000,-0.49,"J","N",15,0.93,23,0,0,1,1,3,2,0,1,"slack",1,6,0.0173913043478261,0.00289855072463768,0.00289855072463768,1
"10",2000,-0.49,"J","N",19,0.05,28,0,0,0,0,0,1,0,1,"flood",0,1,0.0018796992481203,0,0.0018796992481203,1
"11",2000,-0.49,"J","N",19,0.05,10,0,0,0,0,0,0,0,0,"ebb",0,0,0,0,0,1
"12",2000,-0.49,"J","NS",9,0.67,37,0,1,2,0,0,1,0,0,"slack",3,1,0.003003003003003,0.00900900900900901,0,1
"13",2000,-0.49,"JKL","N",25,0.2,14,0,1,0,0,0,2,1,0,"flood",1,3,0.00857142857142857,0.00285714285714286,0,3
"14",2000,-0.49,"J","S",14,1,20,0,0,7,0,0,0,0,0,"ebb",7,0,0,0.025,0,1
"15",2000,-0.49,"J","N",16,0.88,29,0,1,0,0,0,4,0,0,"flood",1,4,0.00862068965517241,0.0021551724137931,0,1
"16",2000,-0.49,"J","N",19,2.79,71,0,0,0,1,0,19,0,0,"ebb",0,20,0.0148257968865827,0,0,1
"17",2000,-0.49,"J","S",16,0.5,17,0,0,3,0,0,1,0,0,"ebb",3,1,0.00367647058823529,0.0110294117647059,0,1
"18",2000,-0.49,"J","N",15,1.4,26,2,1,0,1,0,9,0,2,"flood",1,10,0.0256410256410256,0.00256410256410256,0.00512820512820513,1
"19",2000,-0.49,"JL","N",28,1.46,51,0,0,10,0,0,1,0,0,"flood",10,1,0.000700280112044818,0.00700280112044818,0,2
"20",2000,-0.49,"J","NS",5,NA,12,0,0,0,0,0,0,0,0,"flood",0,0,0,0,0,1
"21",2000,-0.49,"J","N",15,0.6,15,0,2,4,16,2,25,2,0,"flood",6,45,0.2,0.0266666666666667,0,1
"22",2000,-0.49,"J","N",21,0.48,16,0,0,4,0,0,0,0,0,"flood",4,0,0,0.0119047619047619,0,1
"23",2000,-0.49,NA,"N",13,0.54,20,0,0,0,0,0,0,0,0,"ebb",0,0,0,0,0,NA
"24",2000,-0.49,"KL","S",13,0.08,9,0,0,0,0,0,0,0,0,"flood",0,0,0,0,0,2
"25",2000,-0.49,"KL","N",11,1,11,0,0,3,1,0,2,0,0,"flood",3,3,0.0247933884297521,0.0247933884297521,0,2
"26",2000,-0.49,"L","N",15,1.53,33,0,0,0,0,0,0,0,0,"flood",0,0,0,0,0,1
"27",2000,-0.49,"K","S",14,0.5,16,0,0,2,0,0,1,0,0,"flood",2,1,0.00446428571428571,0.00892857142857143,0,1
"28",2000,-0.49,NA,"N",18,1.61,40,0,0,0,0,0,0,0,0,"ebb",0,0,0,0,0,NA
"29",2000,-0.49,NA,"S",12,0.08,10,0,0,0,0,0,0,0,0,"flood",0,0,0,0,0,NA
"30",2000,-0.49,"K","N",13,0.31,13,0,0,0,0,0,1,0,0,"flood",0,1,0.00591715976331361,0,0,1
"31",2000,-0.49,"K","SN",12,NA,32,0,0,0,0,0,3,0,0,"flood",0,3,0.0078125,0,0,1
"32",2000,-0.49,"K","N",15,1.87,40,0,0,0,0,0,0,0,0,"flood",0,0,0,0,0,1
"33",2000,-0.49,"K","SN",NA,NA,4,0,0,0,0,0,0,1,0,"flood",0,1,NA,NA,NA,1
"34",2000,-0.49,"K","S",15,0.33,14,0,0,0,0,0,0,0,1,"ebb",0,0,0,0,0.00476190476190476,1
"35",2000,-0.49,"K","N",15,0.8,41,0,0,0,0,0,0,2,0,"flood",0,2,0.0032520325203252,0,0,1
"36",2000,-0.49,"J","N",23,1.17,42,0,1,5,0,0,3,3,2,"flood",6,6,0.0062111801242236,0.0062111801242236,0.0020703933747412,1
"37",2000,-0.49,"KL","NS",15,NA,56,4,3,0,3,1,22,1,4,"flood",3,27,0.0321428571428571,0.00357142857142857,0.00476190476190476,2
"38",2000,-0.49,"JL","N",38,0.47,31,0,0,4,0,0,8,0,0,"ebb",4,8,0.0067911714770798,0.0033955857385399,0,2
"39",2000,-0.49,"JK","S",33,1.18,51,0,0,4,0,0,0,1,0,"flood",4,1,0.0005941770647653,0.0023767082590612,0,2
"40",2000,-0.49,"K","S",14,0.93,20,0,0,1,0,0,0,2,0,"slack",1,2,0.00714285714285714,0.00357142857142857,0,1
"41",2000,-0.49,"K","N",14,1.71,35,0,0,2,0,0,7,1,0,"ebb",2,8,0.0163265306122449,0.00408163265306122,0,1
"42",2000,-0.49,"L","N",28,2,73,0,0,0,0,0,4,2,0,"flood",0,6,0.00293542074363992,0,0,1
"43",2000,-0.49,"L","N",9,2.44,55,0,0,0,0,0,0,0,0,"slack",0,0,0,0,0,1
"44",2000,-0.49,"L","S",7,0.29,11,0,0,0,0,0,0,1,0,"ebb",0,1,0.012987012987013,0,0,1
"45",2000,-0.49,"J","NS",11,NA,72,1,1,0,4,0,11,2,6,"flood",1,17,0.0214646464646465,0.00126262626262626,0.00757575757575758,1
"46",2000,-0.49,"JK","N",28,0.5,22,0,0,0,0,0,0,0,2,"flood",0,0,0,0,0.00324675324675325,2
"47",2000,-0.49,"K","S",17,0.06,12,0,0,0,0,0,0,0,0,"flood",0,0,0,0,0,1
"48",2000,-0.49,"K","NS",12,NA,60,0,0,0,0,0,1,0,0,"ebb",0,1,0.00138888888888889,0,0,1
"49",2000,-0.49,"K","NS",16,NA,13,0,0,0,0,0,0,0,0,"flood",0,0,0,0,0,1
"50",2000,-0.49,"JKL","N",63,0.97,93,2,0,1,1,0,20,4,1,"slack",1,25,0.00426693975081072,0.000170677590032429,0.000170677590032429,3
"51",2000,-0.49,"K","NS",16,NA,80,0,1,4,0,0,1,0,0,"ebb",5,1,0.00078125,0.00390625,0,1
"52",2000,-0.49,"JK","N",16,1,29,1,1,1,0,0,5,0,1,"flood",2,5,0.0107758620689655,0.00431034482758621,0.0021551724137931,2
"53",2000,-0.49,"KL","S",23,1.22,35,0,2,3,0,0,8,0,0,"slack",5,8,0.00993788819875776,0.0062111801242236,0,2
"54",2000,-0.49,"L","S",15,2.2,35,0,0,2,0,0,0,0,0,"ebb",2,0,0,0.00380952380952381,0,1
"55",2000,-0.49,"JK","SN",11,0.27,17,0,0,0,0,0,3,0,1,"flood",0,3,0.0160427807486631,0,0.0053475935828877,2
"56",2000,-0.49,"K","N",11,0.64,18,0,0,4,0,0,1,0,0,"ebb",4,1,0.00505050505050505,0.0202020202020202,0,1
"57",2000,-0.49,"K","S",11,1.36,27,0,0,4,0,0,1,0,3,"ebb",4,1,0.00336700336700337,0.0134680134680135,0.0101010101010101,1
"58",2000,-0.49,"J","N",16,NA,21,0,0,1,0,0,1,0,0,"flood",1,1,0.00297619047619048,0.00297619047619048,0,1
"59",2000,-0.49,"J","N",17,1.47,38,0,0,0,3,0,1,1,0,"flood",0,5,0.00773993808049536,0,0,1
"60",2000,-0.49,"JL","S",37,0.41,23,0,0,1,0,0,2,0,0,"slack",1,2,0.00235017626321974,0.00117508813160987,0,2
"61",2000,-0.49,"L","S",19,2.32,60,0,0,4,0,0,2,0,0,"flood",4,2,0.00175438596491228,0.00350877192982456,0,1
"62",2000,-0.49,"J","NS",5,NA,43,0,1,0,3,0,3,1,1,"flood",1,7,0.0325581395348837,0.00465116279069767,0.00465116279069767,1
"63",2000,-0.49,"K","NS",NA,NA,15,0,0,0,0,0,0,0,0,"flood",0,0,NA,NA,NA,1
"64",2000,-0.49,"JKL","N",33,0.61,29,0,0,1,1,0,2,0,0,"flood",1,3,0.00313479623824451,0.00104493207941484,0,3
"65",2000,-0.49,"JKL","N",32,0.91,71,0,0,0,0,0,1,0,0,"flood",0,1,0.000440140845070423,0,0,3
"66",2000,-0.49,"J","S",19,0.37,15,0,0,0,0,0,0,0,0,"flood",0,0,0,0,0,1
"67",2000,-0.49,"L","S",18,NA,28,0,0,0,0,0,1,0,0,"ebb",0,1,0.00198412698412698,0,0,1
"68",2000,-0.49,"L","S",21,NA,35,0,0,1,0,0,4,1,0,"ebb",1,5,0.00680272108843537,0.00136054421768707,0,1
"69",2000,-0.49,"L","N",18,NA,54,0,0,0,1,0,4,3,0,"flood",0,8,0.00823045267489712,0,0,1
"70",2000,-0.49,"K","N",22,0.05,44,0,0,0,0,0,0,0,0,"flood",0,0,0,0,0,1
"71",2000,-0.49,"K","NS",14,NA,44,0,0,0,0,0,1,0,0,"ebb",0,1,0.00162337662337662,0,0,1
"72",2000,-0.49,"JKL","NS",42,NA,122,3,0,5,3,1,16,2,3,"slack",5,22,0.00429352068696331,0.000975800156128025,0.000585480093676815,3
"73",2001,2.82,"J","NS",6,NA,40,0,0,0,0,0,0,0,0,"flood",0,0,0,0,0,1
"74",2001,2.82,"J","N",12,0.25,10,0,0,0,0,0,0,0,0,"flood",0,0,0,0,0,1
"75",2001,2.82,"J","S",1,1,6,0,0,0,0,0,0,0,0,"flood",0,0,0,0,0,1
"76",2001,2.82,"KL","S",16,1.25,31,0,0,2,0,0,8,0,0,"slack",2,8,0.0161290322580645,0.00403225806451613,0,2
"77",2001,2.82,"JKL","S",9,0.78,21,0,0,0,0,0,2,0,0,"flood",0,2,0.0105820105820106,0,0,3
"78",2001,2.82,"JK","N",4,2,19,0,0,0,0,0,0,0,0,"flood",0,0,0,0,0,2
"79",2001,2.82,"K","N",19,1.58,38,0,0,0,1,0,4,0,0,"flood",0,5,0.00692520775623269,0,0,1
"80",2001,2.82,"K","S",15,0.8,26,0,0,0,0,0,5,0,0,"flood",0,5,0.0128205128205128,0,0,1
"81",2001,2.82,"JK","N",9,0.22,21,0,0,0,0,0,9,0,0,"slack",0,9,0.0476190476190476,0,0,2
"82",2001,2.82,"K","S",15,0.33,15,0,1,0,0,0,2,0,0,"flood",1,2,0.00888888888888889,0.00444444444444444,0,1
"83",2001,2.82,"J","N",16,0.88,35,7,0,5,0,2,16,0,0,"ebb",5,18,0.0321428571428571,0.00892857142857143,0,1
"84",2001,2.82,"K","S",15,0.2,7,0,0,0,0,0,0,0,0,"flood",0,0,0,0,0,1
"85",2001,2.82,NA,"NS",7,NA,32,0,0,0,1,0,2,0,0,"flood",0,3,0.0133928571428571,0,0,NA
"86",2001,2.82,"K","NS",6,NA,18,0,1,1,1,0,11,0,1,"flood",2,12,0.111111111111111,0.0185185185185185,0.00925925925925926,1
"87",2001,2.82,"K","S",14,0.43,11,0,0,0,0,0,0,0,0,"ebb",0,0,0,0,0,1
"88",2001,2.82,"K","N",13,1.15,24,0,1,0,2,0,4,0,0,"flood",1,6,0.0192307692307692,0.00320512820512821,0,1
"89",2001,2.82,"J","S",11,1.64,25,1,0,9,0,0,8,1,0,"ebb",9,9,0.0327272727272727,0.0327272727272727,0,1
"90",2001,2.82,"JK","N",33,1.97,128,22,22,43,37,0,153,0,46,"flood",65,190,0.0449810606060606,0.0153882575757576,0.0108901515151515,2
"91",2001,2.82,"K","S",NA,NA,19,0,0,0,0,0,0,0,0,"ebb",0,0,NA,NA,NA,1
"92",2001,2.82,"K","N",8,0.38,NA,0,0,0,0,0,0,0,0,"ebb",0,0,NA,NA,NA,1
"93",2001,2.82,"K","S",10,0.1,13,0,0,0,0,0,1,0,1,"ebb",0,1,0.00769230769230769,0,0.00769230769230769,1
"94",2001,2.82,"J","S",11,2.45,37,0,0,0,0,0,0,0,0,"slack",0,0,0,0,0,1
"95",2001,2.82,"JK","S",32,0.97,NA,2,5,17,6,0,45,1,6,"",22,52,NA,NA,NA,2
"96",2001,2.82,"K","S",13,0.23,10,0,0,0,0,0,0,0,0,"ebb",0,0,0,0,0,1
"97",2001,2.82,"K","N",17,0.35,101,0,0,0,0,0,2,0,0,"ebb",0,2,0.0011648223645894,0,0,1
"98",2001,2.82,"K","S",17,0.06,12,0,0,0,0,0,0,0,0,"flood",0,0,0,0,0,1
"99",2001,2.82,"K","N",17,4.82,91,0,0,0,0,0,0,0,0,"ebb",0,0,0,0,0,1
"100",2001,2.82,"K","S",20,0.65,29,0,0,0,0,0,0,0,0,"ebb",0,0,0,0,0,1
"101",2001,2.82,"K","S",17,0.06,9,0,0,0,0,0,0,0,0,"slack",0,0,0,0,0,1
"102",2001,2.82,"JK","NS",30,NA,100,5,5,26,3,0,41,2,10,"flood",31,46,0.0153333333333333,0.0103333333333333,0.00333333333333333,2
"103",2001,2.82,"J","N",1,1,10,0,0,0,0,0,0,0,0,"flood",0,0,0,0,0,1
"104",2001,2.82,"K","NS",9,2,38,0,0,0,0,0,0,0,0,"flood",0,0,0,0,0,1
"105",2001,2.82,"K","N",13,1.92,48,0,0,0,0,0,10,0,0,"ebb",0,10,0.016025641025641,0,0,1
"106",2001,2.82,"JL","N",44,0.61,44,0,0,0,0,0,0,0,0,"flood",0,0,0,0,0,2
"107",2001,2.82,"L","N",1,1,2,0,0,0,0,0,0,0,0,"flood",0,0,0,0,0,1
"108",2001,2.82,"K","S",20,1.95,65,0,0,1,0,0,2,1,0,"flood",1,3,0.00230769230769231,0.000769230769230769,0,1
"109",2001,2.82,"K","S",11,1.18,21,0,0,0,0,0,0,0,0,"ebb",0,0,0,0,0,1
"110",2001,2.82,"JK","N",26,0.92,35,0,0,0,0,1,5,0,1,"flood",0,6,0.00659340659340659,0,0.0010989010989011,2
"111",2001,2.82,"K","S",13,1.77,37,0,0,0,0,0,1,0,0,"flood",0,1,0.00207900207900208,0,0,1
"112",2001,2.82,"L","S",12,0.83,22,0,0,0,0,0,0,0,0,"flood",0,0,0,0,0,1
"113",2001,2.82,"J","N",14,1.07,109,0,2,2,0,0,2,2,1,"ebb",4,4,0.00262123197903014,0.00262123197903014,0.000655307994757536,1
"114",2001,2.82,"JK","S",3,0.33,43,0,0,0,0,0,1,0,0,"slack",0,1,0.00775193798449612,0,0,2
"115",2001,2.82,"JK","N",24,0.38,21,0,6,5,1,0,15,0,3,"flood",11,16,0.0317460317460317,0.0218253968253968,0.00595238095238095,2
"116",2001,2.82,"K","NS",17,NA,52,1,1,1,0,0,1,0,0,"ebb",2,1,0.00113122171945701,0.00226244343891403,0,1
"117",2001,2.82,"L","S",16,1,26,0,0,0,0,0,0,0,0,"ebb",0,0,0,0,0,1
"118",2001,2.82,"K","S",9,3.44,40,0,0,0,0,0,0,1,0,"ebb",0,1,0.00277777777777778,0,0,1
"119",2001,2.82,"JK","N",34,0.03,41,0,0,0,0,0,0,0,1,"ebb",0,0,0,0,0.000717360114777618,2
"120",2001,2.82,"K","NS",12,NA,39,1,0,6,1,0,7,3,1,"slack",6,11,0.0235042735042735,0.0128205128205128,0.00213675213675214,1
"121",2001,2.82,"JK","N",37,0.95,70,6,4,10,5,0,26,5,13,"ebb",14,36,0.0138996138996139,0.00540540540540541,0.00501930501930502,2
"122",2001,2.82,"K","N",11,1.73,35,0,0,1,0,0,0,1,0,"flood",1,1,0.0025974025974026,0.0025974025974026,0,1
"123",2001,2.82,"K","S",13,1.54,40,0,0,1,0,0,0,0,0,"flood",1,0,0,0.00192307692307692,0,1
"124",2001,2.82,"K","S",5,0.2,11,0,0,0,0,0,0,2,0,"slack",0,2,0.0363636363636364,0,0,1
"125",2001,2.82,"K","N",9,0.78,26,0,0,1,0,0,0,0,0,"flood",1,0,0,0.00427350427350427,0,1
"126",2001,2.82,"JKL","N",30,0.33,22,4,3,5,8,0,27,0,5,"flood",8,35,0.053030303030303,0.0121212121212121,0.00757575757575758,3
"127",2001,2.82,"JKL","S",38,0.18,23,0,0,10,0,0,0,0,0,"flood",10,0,0,0.011441647597254,0,3
"128",2001,2.82,"JK","S",35,1.26,80,2,7,11,4,0,12,2,2,"flood",18,18,0.00642857142857143,0.00642857142857143,0.000714285714285714,2
"129",2001,2.82,"L","SN",15,NA,82,1,0,2,0,0,3,0,0,"flood",2,3,0.0024390243902439,0.0016260162601626,0,1
"130",2001,2.82,"JK","NS",3,NA,66,1,2,4,0,0,6,0,0,"ebb",6,6,0.0303030303030303,0.0303030303030303,0,2
"131",2001,2.82,"J","N",19,1.26,39,1,0,1,2,1,1,1,2,"flood",1,5,0.00674763832658569,0.00134952766531714,0.00269905533063428,1
"132",2001,2.82,"K","S",17,0.06,13,0,0,0,0,0,0,0,0,"ebb",0,0,0,0,0,1
"133",2001,2.82,NA,"S",24,1.92,59,0,2,2,3,0,26,2,5,"ebb",4,31,0.0218926553672316,0.00282485875706215,0.00353107344632768,NA
"134",2001,2.82,"JL","N",35,1.97,96,8,4,6,13,1,40,2,7,"ebb",10,56,0.0166666666666667,0.00297619047619048,0.00208333333333333,2
"135",2001,2.82,"L","N",14,NA,90,0,0,0,0,0,2,0,0,"ebb",0,2,0.00158730158730159,0,0,1
"136",2001,2.82,"L","S",7,NA,18,0,0,1,0,0,1,0,0,"flood",1,1,0.00793650793650794,0.00793650793650794,0,1
"137",2001,2.82,"KL","N",46,NA,48,0,1,2,1,0,25,2,2,"flood",3,28,0.0126811594202899,0.00135869565217391,0.000905797101449275,2
"138",2001,2.82,"K","NS",17,NA,55,0,1,8,0,0,5,0,0,"ebb",9,5,0.0053475935828877,0.00962566844919786,0,1
"139",2001,2.82,"L","S",3,NA,10,0,0,0,0,0,0,0,0,"ebb",0,0,0,0,0,1
"140",2001,2.82,"JK","NS",22,NA,94,1,0,5,1,0,16,1,3,"flood",5,18,0.00870406189555126,0.00241779497098646,0.00145067698259188,2
"141",2001,2.82,"J","N",20,NA,35,0,0,2,0,0,0,0,0,"flood",2,0,0,0.00285714285714286,0,1
"142",2001,2.82,"K","NS",8,NA,14,0,0,0,0,0,0,0,0,"flood",0,0,0,0,0,1
"143",2001,2.82,"K","NS",26,NA,79,0,0,0,0,0,2,0,0,"slack",0,2,0.000973709834469328,0,0,1
"144",2001,2.82,NA,"S",6,NA,14,0,0,0,0,0,0,0,0,"flood",0,0,0,0,0,NA
"145",2001,2.82,"L","NS",7,NA,62,1,0,0,0,0,1,0,0,"flood",0,1,0.00230414746543779,0,0,1
"146",2001,2.82,"JKL","N",48,NA,50,0,2,2,6,0,20,0,4,"flood",4,26,0.0108333333333333,0.00166666666666667,0.00166666666666667,3
"147",2001,2.82,"JK","S",21,0.33,20,0,0,0,0,0,0,0,0,"ebb",0,0,0,0,0,2
"148",2001,2.82,"JK","N",25,0.52,27,0,0,1,0,0,1,1,1,"flood",1,2,0.00296296296296296,0.00148148148148148,0.00148148148148148,2
"149",2001,2.82,"L","S",1,1,10,0,0,0,0,0,0,0,0,"ebb",0,0,0,0,0,1
"150",2001,2.82,"JK","S",19,0.32,14,0,1,0,0,0,1,1,0,"slack",1,2,0.0075187969924812,0.0037593984962406,0,2
"151",2001,2.82,"JL","N",24,0.46,33,2,2,4,0,0,3,3,0,"ebb",6,6,0.00757575757575758,0.00757575757575758,0,2
"152",2001,2.82,"L","S",5,0.4,15,0,0,0,0,0,0,0,0,"slack",0,0,0,0,0,1
"153",2001,2.82,"JKL","N",38,1.08,203,0,1,0,0,0,3,3,0,"flood",1,6,0.00077780658542909,0.000129634430904848,0,3
"154",2001,2.82,"L","S",38,1.03,54,0,0,3,0,0,0,0,4,"flood",3,0,0,0.00146198830409357,0.00194931773879142,1
"155",2001,2.82,"L","N",46,1.3,103,3,2,6,10,1,53,5,15,"slack",8,69,0.0145631067961165,0.00168847615027438,0.00316589278176446,1
"156",2001,2.82,"JKL","N",46,2.8,153,4,3,3,6,1,43,3,5,"flood",6,53,0.00753054845126456,0.000852514919011083,0.000710429099175902,3
"157",2001,2.82,"L","N",3,0.33,40,0,5,4,0,1,4,0,1,"flood",9,5,0.0416666666666667,0.075,0.00833333333333333,1
"158",2001,2.82,NA,"S",5,1.2,51,0,0,0,0,0,4,3,0,"flood",0,7,0.0274509803921569,0,0,NA
"159",2001,2.82,"JKL","N",27,1.19,56,2,4,2,5,0,34,6,4,"flood",6,45,0.0297619047619048,0.00396825396825397,0.00264550264550265,3
"160",2001,2.82,"JKL","S",60,1.32,61,0,2,4,0,0,31,1,3,"flood",6,32,0.0087431693989071,0.00163934426229508,0.000819672131147541,3
"161",2001,2.82,"JKL","N",34,1.03,48,0,0,0,0,0,1,0,1,"flood",0,1,0.000612745098039216,0,0.000612745098039216,3
"162",2001,2.82,"L","S",14,0.71,20,0,0,0,0,0,0,0,0,"ebb",0,0,0,0,0,1
"163",2001,2.82,"JKL","N",32,0.5,36,0,3,0,0,0,0,1,1,"flood",3,1,0.000868055555555556,0.00260416666666667,0.000868055555555556,3
"164",2001,2.82,"JK","N",40,0.2,27,0,0,1,0,0,5,0,0,"flood",1,5,0.00462962962962963,0.000925925925925926,0,2
"165",2001,2.82,"L","S",10,0.2,13,1,0,0,1,0,0,3,0,"ebb",0,4,0.0307692307692308,0,0,1
"166",2001,2.82,"J","N",31,1.13,58,0,0,0,0,0,0,0,2,"flood",0,0,0,0,0.00111234705228031,1
"167",2001,2.82,"KL","N",51,1.16,13,0,2,9,1,0,39,1,0,"ebb",11,41,0.0618401206636501,0.0165912518853695,0,2
"168",2001,2.82,"L","S",8,0.5,18,0,0,1,0,0,1,2,0,"flood",1,3,0.0208333333333333,0.00694444444444444,0,1
"169",2001,2.82,"J","NS",NA,NA,16,0,0,0,0,0,0,1,0,"slack",0,1,NA,NA,NA,1
"170",2001,2.82,"L","S",20,0.45,13,0,0,0,0,0,1,0,0,"flood",0,1,0.00384615384615385,0,0,1
"171",2001,2.82,"L","S",6,0.33,4,0,0,0,0,0,0,0,0,"flood",0,0,0,0,0,1
"172",2001,2.82,NA,"NS",NA,NA,8,0,0,0,0,0,0,0,0,"flood",0,0,NA,NA,NA,NA
"173",2001,2.82,"JKL","N",19,1.63,54,0,0,2,4,0,6,0,2,"flood",2,10,0.00974658869395711,0.00194931773879142,0.00194931773879142,3
"174",2001,2.82,"J","S",16,0.06,10,0,0,0,0,0,0,0,0,"ebb",0,0,0,0,0,1
"175",2001,2.82,"JKL","N",27,2.22,91,0,1,0,1,0,10,0,7,"ebb",1,11,0.00447700447700448,0.000407000407000407,0.00284900284900285,3
"176",2001,2.82,"J","S",8,0.5,17,0,0,0,0,0,1,0,0,"ebb",0,1,0.00735294117647059,0,0,1
"177",2001,2.82,"J","NS",11,1.09,72,0,0,0,0,0,1,0,1,"ebb",0,1,0.00126262626262626,0,0.00126262626262626,1
"178",2001,2.82,"JKL","N",41,1.29,114,2,0,2,1,0,8,0,0,"ebb",2,9,0.00192554557124519,0.000427899015832264,0,3
"179",2001,2.82,"L","S",5,0.4,17,0,0,0,0,0,0,0,0,"flood",0,0,0,0,0,1
"180",2001,2.82,"L","S",4,0.25,27,0,0,0,0,0,0,0,0,"flood",0,0,0,0,0,1
"181",2002,1.56,"J","N",14,0.57,19,0,0,0,0,0,0,0,0,"flood",0,0,0,0,0,1
"182",2002,1.56,"J","SN",1,NA,23,0,0,0,0,0,0,0,0,"flood",0,0,0,0,0,1
"183",2002,1.56,"J","NS",1,NA,13,0,0,0,0,0,0,0,0,"flood",0,0,0,0,0,1
"184",2002,1.56,"J","N",13,0.31,17,0,0,0,0,0,0,0,0,"flood",0,0,0,0,0,1
"185",2002,1.56,"J","S",12,0.42,15,0,0,0,0,0,0,0,1,"flood",0,0,0,0,0.00555555555555555,1
"186",2002,1.56,"J","NS",20,NA,26,0,0,0,0,0,14,1,3,"ebb",0,15,0.0288461538461538,0,0.00576923076923077,1
"187",2002,1.56,"JKL","N",30,0.87,40,0,1,0,0,0,1,0,0,"flood",1,1,0.000833333333333333,0.000833333333333333,0,3
"188",2002,1.56,"L","S",3,0.33,9,0,0,0,0,0,0,0,0,"flood",0,0,0,0,0,1
"189",2002,1.56,"K","NS",12,NA,50,0,0,0,0,0,3,0,1,"flood",0,3,0.005,0,0.00166666666666667,1
"190",2002,1.56,"J","N",16,0.06,12,0,0,0,0,0,0,0,0,"flood",0,0,0,0,0,1
"191",2002,1.56,"K","S",14,0.64,16,0,0,0,0,0,0,0,0,"ebb",0,0,0,0,0,1
"192",2002,1.56,"K","S",13,0.08,13,0,0,0,0,0,0,0,0,"slack",0,0,0,0,0,1
"193",2002,1.56,"K","S",17,0.71,20,0,0,2,0,0,0,0,0,"ebb",2,0,0,0.00588235294117647,0,1
"194",2002,1.56,"K","N",18,1.61,40,0,0,0,0,0,2,0,1,"flood",0,2,0.00277777777777778,0,0.00138888888888889,1
"195",2002,1.56,"K","S",18,0.5,18,0,0,2,0,0,0,0,0,"slack",2,0,0,0.00617283950617284,0,1
"196",2002,1.56,"K","N",18,0.33,12,0,0,1,0,0,0,0,0,"flood",1,0,0,0.00462962962962963,0,1
"197",2002,1.56,"KL","N",27,0.7,32,0,0,0,0,0,1,0,2,"ebb",0,1,0.00115740740740741,0,0.00231481481481481,2
"198",2002,1.56,"KL","S",19,0.16,16,1,0,0,0,0,0,0,6,"ebb",0,0,0,0,0.0197368421052632,2
"199",2002,1.56,"L","S",7,0.43,23,0,0,0,0,0,0,0,0,"flood",0,0,0,0,0,1
"200",2002,1.56,"L","S",13,0.77,18,0,0,0,0,0,0,0,0,"flood",0,0,0,0,0,1
"201",2002,1.56,"J","N",14,0.07,9,0,0,0,0,0,0,0,0,"flood",0,0,0,0,0,1
"202",2002,1.56,"J","N",19,1.05,40,0,0,0,0,0,0,0,0,"flood",0,0,0,0,0,1
"203",2002,1.56,"JL","N",34,0.38,29,1,0,4,4,0,26,0,5,"flood",4,30,0.0304259634888438,0.00405679513184584,0.0050709939148073,2
"204",2002,1.56,"K","N",15,2.33,51,0,0,2,0,0,3,0,0,"flood",2,3,0.00392156862745098,0.00261437908496732,0,1
"205",2002,1.56,"JK","N",35,0.51,43,0,0,2,0,0,1,0,0,"flood",2,1,0.000664451827242525,0.00132890365448505,0,2
"206",2002,1.56,"K","S",16,0.13,21,0,0,0,1,0,1,0,0,"flood",0,2,0.00595238095238095,0,0,1
"207",2002,1.56,"K","NS",23,NA,71,1,0,1,0,0,12,4,2,"flood",1,16,0.00979791794243723,0.000612369871402327,0.00122473974280465,1
"208",2002,1.56,"J","S",14,0.57,16,1,0,7,0,0,15,0,1,"ebb",7,15,0.0669642857142857,0.03125,0.00446428571428571,1
"209",2002,1.56,"JKL","N",49,0.31,29,0,2,7,0,0,15,1,4,"flood",9,16,0.0112596762843068,0.00633356790992259,0.00281491907107671,3
"210",2002,1.56,"K","N",18,0.06,8,0,1,1,0,0,2,0,1,"slack",2,2,0.0138888888888889,0.0138888888888889,0.00694444444444444,1
"211",2002,1.56,"JKL","N",36,1.64,76,0,0,3,0,0,0,3,0,"slack",3,3,0.00109649122807018,0.00109649122807018,0,3
"212",2002,1.56,"JK","N",38,0.61,40,2,0,6,2,0,4,0,2,"flood",6,6,0.00394736842105263,0.00394736842105263,0.00131578947368421,2
"213",2002,1.56,"K","S",19,0.47,21,0,0,0,0,0,1,0,0,"ebb",0,1,0.0025062656641604,0,0,1
"214",2002,1.56,"JKL","NS",29,NA,70,9,0,10,0,0,22,0,12,"flood",10,22,0.0108374384236453,0.00492610837438424,0.00591133004926108,3
"215",2002,1.56,"KL","S",42,1.24,64,0,0,4,0,0,6,0,1,"flood",4,6,0.00223214285714286,0.00148809523809524,0.00037202380952381,2
"216",2002,1.56,"JK","N",21,0.1,17,0,0,0,0,0,10,0,0,"flood",0,10,0.0280112044817927,0,0,2
"217",2002,1.56,"K","N",23,1.13,46,0,0,3,0,0,12,0,0,"flood",3,12,0.0113421550094518,0.00283553875236295,0,1
"218",2002,1.56,"KL","S",28,1.14,85,0,0,0,0,0,0,1,0,"flood",0,1,0.000420168067226891,0,0,2
"219",2002,1.56,"L","N",14,2.43,41,1,0,0,2,1,31,0,4,"flood",0,34,0.0592334494773519,0,0.00696864111498258,1
"220",2002,1.56,"L","S",16,0.5,16,0,0,2,0,0,1,0,0,"slack",2,1,0.00390625,0.0078125,0,1
"221",2002,1.56,"L","NS",4,NA,24,0,0,0,0,0,0,0,0,"flood",0,0,0,0,0,1
"222",2002,1.56,"J",NA,20,NA,73,11,0,5,3,0,17,1,3,"ebb",5,21,0.0143835616438356,0.00342465753424658,0.00205479452054795,1
"223",2002,1.56,"JK","N",38,0.24,32,0,0,0,0,0,0,0,0,"flood",0,0,0,0,0,2
"224",2002,1.56,"L","N",6,0.17,15,1,0,2,0,0,18,1,2,"ebb",2,19,0.211111111111111,0.0222222222222222,0.0222222222222222,1
"225",2002,1.56,"JK","N",32,1.47,60,2,1,4,1,1,21,0,3,"ebb",5,23,0.0119791666666667,0.00260416666666667,0.0015625,2
"226",2002,1.56,"K","S",18,0.11,17,0,0,0,0,0,0,0,1,"flood",0,0,0,0,0.00326797385620915,1
"227",2002,1.56,"J","S",18,0.33,15,0,1,3,0,0,6,0,1,"ebb",4,6,0.0222222222222222,0.0148148148148148,0.0037037037037037,1
"228",2002,1.56,"L","NS",2,NA,7,0,0,0,0,0,0,0,0,"slack",0,0,0,0,0,1
"229",2002,1.56,"L","S",13,NA,22,0,0,0,0,0,0,0,1,"flood",0,0,0,0,0.0034965034965035,1
"230",2002,1.56,"J","N",19,0.26,12,0,0,2,0,0,2,0,1,"flood",2,2,0.0087719298245614,0.0087719298245614,0.0043859649122807,1
"231",2002,1.56,NA,"S",20,0.5,26,0,0,0,0,0,0,0,0,"flood",0,0,0,0,0,NA
"232",2002,1.56,"KL","NS",39,NA,110,3,0,2,0,0,42,0,0,"flood",2,42,0.00979020979020979,0.000466200466200466,0,2
"233",2002,1.56,"K","N",17,3.88,81,0,0,7,0,0,1,0,0,"flood",7,1,0.000726216412490922,0.00508351488743646,0,1
"234",2002,1.56,NA,"SN",34,NA,14,2,0,0,4,0,8,1,1,"flood",0,13,0.0273109243697479,0,0.00210084033613445,NA
"235",2002,1.56,"L","NS",9,NA,91,0,0,6,0,0,0,2,0,"flood",6,2,0.00244200244200244,0.00732600732600733,0,1
"236",2002,1.56,"L","S",6,NA,4,0,0,0,0,0,0,0,0,"flood",0,0,0,0,0,1
"237",2002,1.56,"KL","NS",34,NA,63,1,7,16,1,0,77,2,3,"flood",23,80,0.0373482726423903,0.0107376283846872,0.00140056022408964,2
"238",2002,1.56,"L","S",8,1.13,17,0,0,0,0,0,2,0,0,"ebb",0,2,0.0147058823529412,0,0,1
"239",2002,1.56,"L","NS",2,NA,18,0,0,0,0,0,0,0,0,"flood",0,0,0,0,0,1
"240",2002,1.56,"JL","N",39,NA,50,0,1,0,0,1,13,0,6,"flood",1,14,0.00717948717948718,0.000512820512820513,0.00307692307692308,2
"241",2002,1.56,"KL","S",37,0.76,35,1,2,0,0,0,10,0,1,"ebb",2,10,0.00772200772200772,0.00154440154440154,0.000772200772200772,2
"242",2002,1.56,"K","N",15,0.2,18,2,7,7,0,0,55,0,0,"flood",14,55,0.203703703703704,0.0518518518518519,0,1
"243",2002,1.56,"JKL","N",29,2.28,82,5,13,3,12,0,45,0,19,"flood",16,57,0.0239697224558452,0.00672834314550042,0.00798990748528175,3
"244",2002,1.56,"L","S",18,1.28,31,0,0,0,0,0,3,0,0,"ebb",0,3,0.0053763440860215,0,0,1
"245",2002,1.56,"L","N",8,2.25,30,0,0,0,0,0,0,0,0,"flood",0,0,0,0,0,1
"246",2002,1.56,"JK","S",24,NA,20,0,0,0,0,0,0,0,0,"ebb",0,0,0,0,0,2
"247",2002,1.56,"JKL","N",50,0.68,48,1,3,5,2,0,40,0,7,"flood",8,42,0.0175,0.00333333333333333,0.00291666666666667,3
"248",2002,1.56,"JKL","N",43,1.6,114,5,3,1,12,0,54,4,17,"slack",4,70,0.0142798857609139,0.000815993472052224,0.00346797225622195,3
"249",2002,1.56,"L","NS",1,NA,26,0,0,0,0,0,1,0,0,"flood",0,1,0.0384615384615385,0,0,1
"250",2002,1.56,"L","NS",4,NA,20,0,0,0,0,0,0,0,0,"flood",0,0,0,0,0,1
"251",2002,1.56,"JK","N",23,0.48,22,0,0,1,0,0,0,0,0,"flood",1,0,0,0.00197628458498024,0,2
"252",2002,1.56,"K","S",16,0.69,32,0,0,2,0,0,1,0,0,"slack",2,1,0.001953125,0.00390625,0,1
"253",2002,1.56,"L","NS",1,NA,3,0,0,0,0,0,0,0,0,"flood",0,0,0,0,0,1
"254",2002,1.56,"JK","N",22,0.5,21,0,1,2,3,0,5,0,1,"flood",3,8,0.0173160173160173,0.00649350649350649,0.00216450216450216,2
"255",2002,1.56,"J","NS",1,NA,12,0,0,0,0,0,1,0,0,"flood",0,1,0.0833333333333333,0,0,1
"256",2002,1.56,"JKL","N",45,0.29,31,2,1,4,1,2,20,2,4,"flood",5,25,0.017921146953405,0.003584229390681,0.0028673835125448,3
"257",2002,1.56,"L","N",9,0.78,23,0,0,0,0,0,1,0,0,"flood",0,1,0.00483091787439614,0,0,1
"258",2002,1.56,"L","N",8,0.13,26,0,0,0,0,0,0,0,0,"flood",0,0,0,0,0,1
"259",2002,1.56,"L","S",8,0.75,16,0,3,5,2,0,11,0,1,"flood",8,13,0.1015625,0.0625,0.0078125,1
"260",2002,1.56,"L","SN",4,NA,10,0,0,0,0,0,0,0,0,"flood",0,0,0,0,0,1
"261",2002,1.56,"L","S",35,3.2,122,0,0,3,0,0,5,2,1,"flood",3,7,0.00163934426229508,0.000702576112412178,0.000234192037470726,1
"262",2002,1.56,"L","N",2,0.5,20,0,0,0,0,0,0,0,0,"slack",0,0,0,0,0,1
"263",2002,1.56,"JL","S",28,0.64,32,0,1,6,0,0,0,0,0,"flood",7,0,0,0.0078125,0,2
"264",2002,1.56,"K","NS",11,2.36,55,2,1,1,0,0,3,0,0,"flood",2,3,0.00495867768595041,0.00330578512396694,0,1
"265",2002,1.56,"K","N",1,NA,14,0,0,0,0,0,0,0,0,"flood",0,0,0,0,0,1
"266",2002,1.56,"L","NS",21,NA,64,0,0,4,0,0,0,0,1,"ebb",4,0,0,0.00297619047619048,0.000744047619047619,1
"267",2002,1.56,"JKL","S",39,0.41,25,0,0,3,0,0,7,0,0,"flood",3,7,0.00717948717948718,0.00307692307692308,0,3
"268",2002,1.56,"JKL","NS",22,NA,22,0,0,0,0,0,0,0,0,"ebb",0,0,0,0,0,3
"269",2002,1.56,"JKL","N",16,0.06,28,0,0,0,0,0,0,0,1,"ebb",0,0,0,0,0.00223214285714286,3
"270",2002,1.56,"JKL","N",37,0.3,14,0,0,1,0,0,0,0,0,"slack",1,0,0,0.00193050193050193,0,3
"271",2002,1.56,"JKL","SN",NA,NA,30,0,0,0,0,0,0,0,0,"slack",0,0,NA,NA,NA,3
"272",2002,1.56,"L","S",13,0.54,15,0,0,2,0,0,1,0,0,"slack",2,1,0.00512820512820513,0.0102564102564103,0,1
"273",2002,1.56,"JL","N",37,0.41,22,0,0,1,0,0,5,0,2,"flood",1,5,0.00614250614250614,0.00122850122850123,0.00245700245700246,2
"274",2002,1.56,"JL","S",39,0.18,14,0,0,0,0,0,0,0,0,"flood",0,0,0,0,0,2
"275",2002,1.56,"JKL","N",48,0.29,22,0,0,0,1,0,4,0,0,"flood",0,5,0.00473484848484848,0,0,3
"276",2002,1.56,"L","N",18,0.56,30,1,0,0,0,0,10,0,0,"flood",0,10,0.0185185185185185,0,0,1
"277",2002,1.56,"L","S",20,0.15,18,0,0,0,0,0,3,0,3,"flood",0,3,0.00833333333333333,0,0.00833333333333333,1
"278",2002,1.56,"JKL","N",34,0.29,52,0,0,0,1,0,2,0,0,"flood",0,3,0.00169683257918552,0,0,3
"279",2002,1.56,"L","N",5,2.2,21,0,0,0,0,0,1,0,0,"flood",0,1,0.00952380952380952,0,0,1
"280",2003,1.54,"J","N",23,2.22,77,1,0,1,0,3,15,0,1,"slack",1,18,0.0101637492941841,0.000564652738565782,0.000564652738565782,1
"281",2003,1.54,"J","N",17,2.65,68,9,1,3,0,0,2,0,1,"slack",4,2,0.00173010380622837,0.00346020761245675,0.000865051903114187,1
"282",2003,1.54,"J","NS",13,NA,31,3,1,11,8,0,18,0,4,"ebb",12,26,0.0645161290322581,0.0297766749379653,0.00992555831265509,1
"283",2003,1.54,"J","NS",9,NA,40,4,2,2,6,1,22,0,7,"ebb",4,29,0.0805555555555556,0.0111111111111111,0.0194444444444444,1
"284",2003,1.54,"J","S",9,0.22,10,0,0,0,0,0,0,1,0,"flood",0,1,0.0111111111111111,0,0,1
"285",2003,1.54,"J","N",17,1.53,36,1,1,0,2,0,12,0,2,"flood",1,14,0.0228758169934641,0.00163398692810458,0.00326797385620915,1
"286",2003,1.54,"J","N",15,1.2,26,1,0,2,2,0,0,0,0,"slack",2,2,0.00512820512820513,0.00512820512820513,0,1
"287",2003,1.54,"J","N",11,0.36,14,0,0,1,0,0,1,0,1,"flood",1,1,0.00649350649350649,0.00649350649350649,0.00649350649350649,1
"288",2003,1.54,"J","N",11,0.09,13,0,0,0,0,0,1,0,0,"flood",0,1,0.00699300699300699,0,0,1
"289",2003,1.54,"J","NS",12,NA,7,0,0,0,0,0,0,0,0,"flood",0,0,0,0,0,1
"290",2003,1.54,"J","N",14,0.07,19,0,0,0,0,0,0,0,0,"flood",0,0,0,0,0,1
"291",2003,1.54,"J","S",14,0.07,18,0,0,0,1,0,3,0,2,"flood",0,4,0.0158730158730159,0,0.00793650793650794,1
"292",2003,1.54,"J","N",22,0.05,27,0,0,0,0,0,0,1,0,"ebb",0,1,0.00168350168350168,0,0,1
"293",2003,1.54,"J","S",22,0.05,14,1,0,0,3,0,1,0,1,"flood",0,4,0.012987012987013,0,0.00324675324675325,1
"294",2003,1.54,"J","N",22,0.05,20,0,0,0,0,0,0,1,0,"flood",0,1,0.00227272727272727,0,0,1
"295",2003,1.54,"J","NS",14,NA,43,0,0,38,0,0,0,4,7,"flood",38,4,0.00664451827242525,0.0631229235880399,0.0116279069767442,1
"296",2003,1.54,"J","N",14,1.21,59,1,0,1,2,0,4,0,5,"flood",1,6,0.00726392251815981,0.00121065375302663,0.00605326876513317,1
"297",2003,1.54,"J","S",13,0.23,19,0,0,5,0,0,9,0,0,"flood",5,9,0.0364372469635627,0.0202429149797571,0,1
"298",2003,1.54,"J","N",22,0.41,22,0,0,1,0,0,3,0,1,"slack",1,3,0.00619834710743802,0.00206611570247934,0.00206611570247934,1
"299",2003,1.54,"JK","N",26,0.31,31,0,1,24,0,0,3,6,3,"ebb",25,9,0.011166253101737,0.0310173697270471,0.00372208436724566,2
"300",2003,1.54,"JK","N",28,0.61,26,2,0,5,0,2,2,1,0,"ebb",5,5,0.00686813186813187,0.00686813186813187,0,2
"301",2003,1.54,"JK","N",33,0.42,29,2,1,4,1,0,21,1,1,"ebb",5,23,0.0240334378265413,0.00522466039707419,0.00104493207941484,2
"302",2003,1.54,"JK","S",21,0.24,12,0,1,0,0,0,1,1,0,"flood",1,2,0.00793650793650794,0.00396825396825397,0,2
"303",2003,1.54,"JKL","NS",NA,NA,3,0,0,0,0,0,1,0,0,"flood",0,1,NA,NA,NA,3
"304",2003,1.54,"JK","NS",NA,NA,13,0,0,0,0,0,0,1,1,"flood",0,1,NA,NA,NA,2
"305",2003,1.54,"L","S",11,0.27,12,0,0,1,0,0,0,1,0,"flood",1,1,0.00757575757575758,0.00757575757575758,0,1
"306",2003,1.54,"JKL","N",51,0.45,49,0,0,0,0,0,0,0,0,"flood",0,0,0,0,0,3
"307",2003,1.54,"L",NA,22,0.05,26,0,0,0,0,0,0,0,0,"flood",0,0,0,0,0,1
"308",2003,1.54,"L","S",10,1,77,0,0,4,0,0,4,0,0,"flood",4,4,0.00519480519480519,0.00519480519480519,0,1
"309",2003,1.54,"JKL","S",31,0.16,14,0,0,4,0,0,0,0,0,"ebb",4,0,0,0.00921658986175115,0,3
"310",2003,1.54,"JK","NS",10,NA,28,0,3,8,0,0,10,1,2,"flood",11,11,0.0392857142857143,0.0392857142857143,0.00714285714285714,2
"311",2003,1.54,"J","N",13,0.54,24,0,0,4,0,0,0,0,0,"flood",4,0,0,0.0128205128205128,0,1
"312",2003,1.54,"JK","N",31,0.65,52,1,5,19,2,0,27,4,1,"flood",24,33,0.0204714640198511,0.0148883374689826,0.000620347394540943,2
"313",2003,1.54,"JK","N",25,0.28,19,0,1,3,0,0,4,1,0,"flood",4,5,0.0105263157894737,0.00842105263157895,0,2
"314",2003,1.54,"JKL","S",34,0.85,42,1,6,30,1,0,16,13,5,"ebb",36,30,0.0210084033613445,0.0252100840336134,0.00350140056022409,3
"315",2003,1.54,"JK","N",28,0.46,25,1,0,14,1,0,2,6,1,"flood",14,9,0.0128571428571429,0.02,0.00142857142857143,2
"316",2003,1.54,"L","N",3,5,28,0,0,0,0,0,10,0,0,"flood",0,10,0.119047619047619,0,0,1
"317",2003,1.54,"L","S",1,NA,37,0,0,1,0,0,1,0,0,"flood",1,1,0.027027027027027,0.027027027027027,0,1
"318",2003,1.54,"L","NS",NA,NA,40,1,0,0,0,0,1,0,0,"flood",0,1,NA,NA,NA,1
"319",2003,1.54,"L","S",NA,NA,43,0,0,0,0,0,7,0,0,"flood",0,7,NA,NA,NA,1
"320",2003,1.54,"KL","NS",36,NA,41,1,2,4,0,0,12,2,0,"flood",6,14,0.00948509485094851,0.0040650406504065,0,2
"321",2003,1.54,"L","S",8,1,20,1,0,0,0,0,0,0,0,"flood",0,0,0,0,0,1
"322",2003,1.54,"K","N",5,0.8,NA,0,1,0,0,0,0,0,0,"",1,0,NA,NA,NA,1
"323",2003,1.54,NA,"NS",NA,NA,7,0,0,0,0,0,0,0,0,"flood",0,0,NA,NA,NA,NA
"324",2003,1.54,NA,"N",7,0.14,9,0,0,0,0,0,0,0,0,"flood",0,0,0,0,0,NA
"325",2003,1.54,"JKL","SN",25,NA,59,3,5,26,3,1,32,1,11,"flood",31,37,0.0250847457627119,0.0210169491525424,0.00745762711864407,3
"326",2003,1.54,"K","SN",6,NA,34,0,0,0,0,0,0,0,1,"flood",0,0,0,0,0.00490196078431373,1
"327",2003,1.54,"L","N",9,1.56,39,1,0,2,0,0,29,1,0,"flood",2,30,0.0854700854700855,0.0056980056980057,0,1
"328",2003,1.54,"J","S",15,0.2,7,1,4,5,0,0,1,0,0,"slack",9,1,0.00952380952380952,0.0857142857142857,0,1
"329",2003,1.54,"K","N",11,0.55,17,2,0,1,0,0,0,0,0,"ebb",1,0,0,0.0053475935828877,0,1
"330",2003,1.54,"L","N",11,0.09,25,0,0,0,0,0,0,0,0,"flood",0,0,0,0,0,1
"331",2003,1.54,"KL",NA,17,0.29,20,1,2,3,2,0,28,1,2,"ebb",5,31,0.0911764705882353,0.0147058823529412,0.00588235294117647,2
"332",2003,1.54,"JKL","S",31,0.23,20,0,2,3,3,1,13,4,4,"slack",5,21,0.0338709677419355,0.00806451612903226,0.00645161290322581,3
"333",2003,1.54,"L","N",15,2.53,46,0,3,0,0,0,3,1,0,"flood",3,4,0.00579710144927536,0.00434782608695652,0,1
"334",2003,1.54,"L","S",8,0.88,25,0,1,4,1,0,25,0,0,"flood",5,26,0.13,0.025,0,1
"335",2003,1.54,"L","N",11,1.82,68,0,0,0,0,0,3,0,0,"ebb",0,3,0.00401069518716577,0,0,1
"336",2003,1.54,"J","S",18,0.06,10,0,0,0,0,0,0,0,0,"flood",0,0,0,0,0,1
"337",2003,1.54,"J","N",9,0.22,11,0,2,3,0,0,1,2,2,"flood",5,3,0.0303030303030303,0.0505050505050505,0.0202020202020202,1
"338",2003,1.54,"J","S",17,0.06,13,0,16,12,0,0,5,9,7,"flood",28,14,0.0633484162895928,0.126696832579186,0.0316742081447964,1
"339",2003,1.54,"JK","N",4,NA,15,0,0,0,0,0,0,0,0,"flood",0,0,0,0,0,2
"340",2003,1.54,"JK","S",31,0.1,9,0,0,6,0,0,1,1,0,"slack",6,2,0.00716845878136201,0.021505376344086,0,2
"341",2003,1.54,"K","N",17,1.94,45,0,0,0,0,0,2,1,0,"flood",0,3,0.00392156862745098,0,0,1
"342",2003,1.54,"JK","NS",13,NA,35,2,0,0,0,0,3,2,1,"flood",0,5,0.010989010989011,0,0.0021978021978022,2
"343",2003,1.54,"J","NS",NA,NA,38,1,0,0,3,0,3,0,0,"flood",0,6,NA,NA,NA,1
"344",2003,1.54,"JKL","NS",NA,NA,68,5,10,17,5,5,21,11,4,"flood",27,42,NA,NA,NA,3
"345",2003,1.54,"JKL","N",51,2.14,153,1,0,12,1,1,3,4,0,"flood",12,9,0.00115340253748558,0.00153787004998078,0,3
"346",2003,1.54,"JKL","NS",42,NA,116,0,4,3,0,0,29,2,0,"flood",7,31,0.00636288998357964,0.0014367816091954,0,3
"347",2003,1.54,"L","NS",2,NA,12,0,0,0,0,0,0,0,0,"flood",0,0,0,0,0,1
"348",2003,1.54,"L","N",NA,NA,21,0,0,0,0,0,0,0,0,"ebb",0,0,NA,NA,NA,1
"349",2003,1.54,"L","S",6,0.17,11,0,0,0,0,0,0,0,0,"ebb",0,0,0,0,0,1
"350",2003,1.54,"JK","S",9,0.22,9,0,0,2,0,0,1,1,1,"slack",2,2,0.0246913580246914,0.0246913580246914,0.0123456790123457,2
"351",2003,1.54,"J","S",3,NA,12,0,0,0,0,0,0,0,0,"flood",0,0,0,0,0,1
"352",2004,0.6,"J","N",9,3.56,40,0,0,0,0,0,0,0,0,"flood",0,0,0,0,0,1
"353",2004,0.6,"J","NS",1,NA,4,0,0,0,0,0,0,0,0,"slack",0,0,0,0,0,1
"354",2004,0.6,"J","N",20,0.85,26,1,0,3,0,1,7,0,0,"flood",3,8,0.0153846153846154,0.00576923076923077,0,1
"355",2004,0.6,"J","S",16,1.31,32,0,0,0,0,1,0,0,0,"flood",0,1,0.001953125,0,0,1
"356",2004,0.6,"J","N",20,1.15,47,0,0,1,0,1,2,1,0,"flood",1,4,0.00425531914893617,0.00106382978723404,0,1
"357",2004,0.6,"J","N",22,0.05,30,0,0,0,0,0,2,0,0,"ebb",0,2,0.00303030303030303,0,0,1
"358",2004,0.6,"J","S",18,1.06,26,0,0,1,0,0,0,0,0,"ebb",1,0,0,0.00213675213675214,0,1
"359",2004,0.6,"J","N",13,1.08,35,1,2,4,2,0,1,0,2,"ebb",6,3,0.00659340659340659,0.0131868131868132,0.0043956043956044,1
"360",2004,0.6,"L","S",11,3.82,52,0,0,2,0,0,1,0,0,"ebb",2,1,0.00174825174825175,0.0034965034965035,0,1
"361",2004,0.6,"J","N",16,1.69,52,1,0,1,2,0,19,0,3,"flood",1,21,0.0252403846153846,0.00120192307692308,0.00360576923076923,1
"362",2004,0.6,"J","N",6,0.17,39,1,0,1,1,0,5,0,0,"flood",1,6,0.0256410256410256,0.00427350427350427,0,1
"363",2004,0.6,"J","S",18,5,100,0,0,2,0,0,0,2,0,"ebb",2,2,0.00111111111111111,0.00111111111111111,0,1
"364",2004,0.6,"J","N",12,1.17,20,0,1,1,0,0,1,0,0,"flood",2,1,0.00416666666666667,0.00833333333333333,0,1
"365",2004,0.6,"J","N",20,1.15,37,2,1,0,2,0,10,0,1,"flood",1,12,0.0162162162162162,0.00135135135135135,0.00135135135135135,1
"366",2004,0.6,"J","N",17,1.12,45,1,1,3,0,1,10,0,3,"ebb",4,11,0.0143790849673203,0.00522875816993464,0.00392156862745098,1
"367",2004,0.6,"J","S",16,0.63,23,0,1,0,1,0,0,1,0,"ebb",1,2,0.00543478260869565,0.00271739130434783,0,1
"368",2004,0.6,"J","N",15,1,26,2,0,0,0,0,1,0,2,"flood",0,1,0.00256410256410256,0,0.00512820512820513,1
"369",2004,0.6,"J","S",21,0.48,22,0,4,5,0,0,8,1,1,"flood",9,9,0.0194805194805195,0.0194805194805195,0.00216450216450216,1
"370",2004,0.6,"J","N",22,0.77,38,0,8,6,9,1,99,0,0,"ebb",14,109,0.130382775119617,0.0167464114832536,0,1
"371",2004,0.6,"JL","N",44,0.66,50,3,1,53,4,0,34,3,5,"flood",54,41,0.0186363636363636,0.0245454545454545,0.00227272727272727,2
"372",2004,0.6,"L","S",23,1.09,30,0,0,4,0,0,0,0,0,"flood",4,0,0,0.00579710144927536,0,1
"373",2004,0.6,"J","N",16,0.69,18,0,4,7,0,0,16,2,0,"flood",11,18,0.0625,0.0381944444444444,0,1
"374",2004,0.6,"J","N",12,0.75,18,0,0,2,0,0,7,1,0,"flood",2,8,0.037037037037037,0.00925925925925926,0,1
"375",2004,0.6,"JL","N",34,0.47,25,0,1,25,0,0,21,0,0,"flood",26,21,0.0247058823529412,0.0305882352941176,0,2
"376",2004,0.6,"J","N",19,0.63,45,0,0,3,0,2,8,0,0,"ebb",3,10,0.0116959064327485,0.00350877192982456,0,1
"377",2004,0.6,"J","S",19,0.21,15,0,0,0,0,0,1,0,0,"ebb",0,1,0.00350877192982456,0,0,1
"378",2004,0.6,"J","S",16,0.75,45,0,0,0,0,0,1,0,0,"flood",0,1,0.00138888888888889,0,0,1
"379",2004,0.6,"J","N",17,0.47,21,6,1,3,2,0,48,2,8,"ebb",4,52,0.145658263305322,0.0112044817927171,0.0224089635854342,1
"380",2004,0.6,"J","S",22,0.77,28,0,0,0,0,0,0,0,0,"ebb",0,0,0,0,0,1
"381",2004,0.6,"L","NS",12,NA,32,0,0,0,0,0,1,0,0,"flood",0,1,0.00260416666666667,0,0,1
"382",2004,0.6,"L","S",5,0.2,10,0,0,0,0,0,0,0,0,"slack",0,0,0,0,0,1
"383",2004,0.6,"J","S",21,0.95,33,0,0,3,0,0,1,0,0,"slack",3,1,0.00144300144300144,0.00432900432900433,0,1
"384",2004,0.6,"J","N",24,0.46,17,0,2,4,0,2,3,0,0,"flood",6,5,0.0122549019607843,0.0147058823529412,0,1
"385",2004,0.6,"JL","NS",31,NA,68,5,5,15,4,1,39,0,4,"flood",20,44,0.0208728652751423,0.0094876660341556,0.00189753320683112,2
"386",2004,0.6,"J","S",22,0.09,15,4,0,6,0,2,10,0,2,"flood",6,12,0.0363636363636364,0.0181818181818182,0.00606060606060606,1
"387",2004,0.6,"JL","N",22,0.64,23,1,2,0,0,0,8,1,0,"flood",2,9,0.0177865612648221,0.00395256916996047,0,2
"388",2004,0.6,"J","N",21,0.52,33,0,0,1,0,0,1,2,0,"flood",1,3,0.00432900432900433,0.00144300144300144,0,1
"389",2004,0.6,"JL","S",27,0.26,16,0,1,0,0,0,0,0,0,"ebb",1,0,0,0.00231481481481481,0,2
"390",2004,0.6,"JL","N",19,1.32,41,0,2,4,0,2,7,1,1,"flood",6,10,0.0128369704749679,0.00770218228498074,0.00128369704749679,2
"391",2004,0.6,"L","S",11,1,18,0,0,0,0,0,0,0,0,"ebb",0,0,0,0,0,1
"392",2004,0.6,"JK","N",25,0.44,29,0,0,1,0,0,2,0,1,"flood",1,2,0.00275862068965517,0.00137931034482759,0.00137931034482759,2
"393",2004,0.6,"L","S",7,2.14,35,0,0,0,0,0,0,0,0,"flood",0,0,0,0,0,1
"394",2004,0.6,"JKL","N",33,0.73,32,0,0,0,0,0,0,0,0,"flood",0,0,0,0,0,3
"395",2004,0.6,"L","NS",29,NA,25,0,0,2,0,0,5,0,2,"slack",2,5,0.00689655172413793,0.00275862068965517,0.00275862068965517,1
"396",2004,0.6,"L","NS",1,NA,25,0,0,0,0,0,0,0,1,"flood",0,0,0,0,0.04,1
"397",2004,0.6,"JKL","NS",83,NA,82,2,2,15,1,1,7,0,2,"flood",17,9,0.00132236262121657,0.00249779606229797,0.00029385836027035,3
"398",2004,0.6,"JK","NS",31,NA,46,0,0,7,0,0,0,0,0,"flood",7,0,0,0.00490883590462833,0,2
"399",2004,0.6,"JK","NS",31,NA,42,3,1,8,1,0,8,1,0,"flood",9,10,0.00768049155145929,0.00691244239631336,0,2
"400",2004,0.6,"JKL","NS",75,NA,87,0,3,10,0,0,6,3,2,"flood",13,9,0.00137931034482759,0.00199233716475096,0.000306513409961686,3
"401",2004,0.6,"L","S",11,0.91,24,0,0,0,0,0,0,0,0,"slack",0,0,0,0,0,1
"402",2004,0.6,"L","NS",5,0,39,0,0,0,0,0,0,0,0,"flood",0,0,0,0,0,1
"403",2004,0.6,"JK","N",28,0.32,26,2,1,5,1,6,13,1,3,"flood",6,21,0.0288461538461538,0.00824175824175824,0.00412087912087912,2
"404",2004,0.6,"L","N",40,0,28,0,0,0,0,0,0,0,0,"flood",0,0,0,0,0,1
"405",2004,0.6,"L","S",9,0.22,12,0,0,0,0,0,0,0,0,"flood",0,0,0,0,0,1
"406",2004,0.6,"JK","S",36,0.36,27,0,0,2,1,0,1,1,0,"flood",2,3,0.00308641975308642,0.00205761316872428,0,2
"407",2004,0.6,"JKL","N",44,0.66,49,0,4,10,3,0,16,0,4,"ebb",14,19,0.0088126159554731,0.00649350649350649,0.00185528756957328,3
"408",2004,0.6,"L","SN",39,NA,77,3,3,32,2,0,37,1,1,"ebb",35,40,0.0133200133200133,0.0116550116550117,0.000333000333000333,1
"409",2004,0.6,"JKL","S",33,0.18,14,0,1,0,0,0,0,0,0,"flood",1,0,0,0.00216450216450216,0,3
"410",2004,0.6,"JK","N",20,0.85,24,1,0,0,1,0,3,1,0,"flood",0,5,0.0104166666666667,0,0,2
"411",2004,0.6,"L","N",37,0.86,68,1,0,5,3,0,22,1,0,"flood",5,26,0.0103338632750397,0.00198728139904611,0,1
"412",2004,0.6,"L","S",11,1.91,29,0,0,0,1,0,0,0,0,"flood",0,1,0.00313479623824451,0,0,1
"413",2004,0.6,"L","NS",11,NA,52,0,0,0,0,0,3,0,0,"flood",0,3,0.00524475524475524,0,0,1
"414",2004,0.6,"JKL","N",64,0.89,65,0,2,7,0,0,1,1,4,"flood",9,2,0.000480769230769231,0.00216346153846154,0.000961538461538462,3
"415",2004,0.6,"L","S",9,1.22,45,0,0,0,0,0,0,0,0,"flood",0,0,0,0,0,1
"416",2004,0.6,"L","S",2,0.5,27,0,0,2,0,0,20,0,0,"flood",2,20,0.37037037037037,0.037037037037037,0,1
"417",2004,0.6,NA,"NS",NA,NA,14,0,0,0,0,0,0,0,0,"flood",0,0,NA,NA,NA,NA
"418",2004,0.6,"JL","N",33,0.27,20,3,1,9,1,3,1,2,2,"flood",10,7,0.0106060606060606,0.0151515151515152,0.00303030303030303,2
"419",2004,0.6,"JKL","N",67,0.76,60,6,5,12,1,1,35,3,6,"ebb",17,40,0.00995024875621891,0.00422885572139303,0.00149253731343284,3
"420",2004,0.6,"L","N",13,1.46,29,1,0,1,0,0,3,0,1,"flood",1,3,0.00795755968169761,0.0026525198938992,0.0026525198938992,1
"421",2004,0.6,"L","S",8,1.38,27,1,0,1,0,0,2,1,2,"flood",1,3,0.0138888888888889,0.00462962962962963,0.00925925925925926,1
"422",2004,0.6,"JKL","N",37,0.49,29,1,3,20,0,0,3,4,3,"flood",23,7,0.0065237651444548,0.0214352283317801,0.00279589934762349,3
"423",2005,0.08,"J","N",12,1.75,28,0,0,0,0,0,0,0,0,"flood",0,0,0,0,0,1
"424",2005,0.08,"J","N",5,0.2,15,0,0,0,0,0,0,0,0,"flood",0,0,0,0,0,1
"425",2005,0.08,"J","NS",1,NA,8,0,0,0,0,0,0,0,0,"flood",0,0,0,0,0,1
"426",2005,0.08,"J","N",4,1.5,15,0,0,0,0,0,0,0,0,"flood",0,0,0,0,0,1
"427",2005,0.08,"J","N",17,5.29,105,0,0,0,0,0,7,3,0,"flood",0,10,0.00560224089635854,0,0,1
"428",2005,0.08,"J","N",7,0.14,13,0,0,0,0,0,0,0,0,"flood",0,0,0,0,0,1
"429",2005,0.08,"J","S",1,1,8,0,0,0,0,0,0,0,0,"ebb",0,0,0,0,0,1
"430",2005,0.08,"J","N",10,5.6,74,0,0,0,0,0,1,0,0,"slack",0,1,0.00135135135135135,0,0,1
"431",2005,0.08,"J","NS",17,NA,101,0,0,7,0,0,13,1,0,"ebb",7,14,0.0081537565521258,0.0040768782760629,0,1
"432",2005,0.08,"J","NS",3,NA,18,0,0,1,0,0,2,0,0,"ebb",1,2,0.037037037037037,0.0185185185185185,0,1
"433",2005,0.08,"J","S",11,2,32,0,0,6,0,0,3,1,1,"ebb",6,4,0.0113636363636364,0.0170454545454545,0.00284090909090909,1
"434",2005,0.08,"J","NS",3,NA,27,0,0,0,0,0,1,0,0,"slack",0,1,0.0123456790123457,0,0,1
"435",2005,0.08,"J","N",13,1.04,34,0,0,2,0,0,0,0,0,"ebb",2,0,0,0.00452488687782805,0,1
"436",2005,0.08,"JK","N",24,1,30,0,0,0,0,0,2,0,0,"flood",0,2,0.00277777777777778,0,0,2
"437",2005,0.08,"L","N",9,0.11,29,0,0,0,0,0,0,0,0,"flood",0,0,0,0,0,1
"438",2005,0.08,"KL","S",20,1.35,33,0,0,4,0,0,6,0,3,"flood",4,6,0.00909090909090909,0.00606060606060606,0.00454545454545455,2
"439",2005,0.08,NA,"NS",9,NA,15,0,0,0,0,0,0,0,2,"flood",0,0,0,0,0.0148148148148148,NA
"440",2005,0.08,"JK","N",31,0.65,30,0,1,0,0,0,2,0,0,"flood",1,2,0.0021505376344086,0.0010752688172043,0,2
"441",2005,0.08,"J","S",8,0.13,12,0,0,0,0,0,0,0,0,"flood",0,0,0,0,0,1
"442",2005,0.08,"JKL","N",39,0.43,17,0,5,2,2,0,22,0,2,"flood",7,24,0.0361990950226244,0.0105580693815988,0.00301659125188537,3
"443",2005,0.08,"J","S",7,NA,21,0,0,1,0,0,1,0,0,"flood",1,1,0.00680272108843537,0.00680272108843537,0,1
"444",2005,0.08,"JK","N",33,2.22,35,1,2,3,1,0,2,1,1,"flood",5,4,0.00346320346320346,0.00432900432900433,0.000865800865800866,2
"445",2005,0.08,"J","S",9,NA,45,1,0,1,3,0,9,0,1,"flood",1,12,0.0296296296296296,0.00246913580246914,0.00246913580246914,1
"446",2005,0.08,"J","N",8,10.5,72,2,0,2,2,0,8,0,0,"flood",2,10,0.0173611111111111,0.00347222222222222,0,1
"447",2005,0.08,"K","S",21,0.86,27,0,0,0,0,0,0,0,0,"flood",0,0,0,0,0,1
"448",2005,0.08,"JKL","N",34,0.35,34,0,0,0,0,0,0,0,0,"flood",0,0,0,0,0,3
"449",2005,0.08,"JK","N",35,0.54,31,2,0,0,0,0,7,0,1,"ebb",0,7,0.00645161290322581,0,0.000921658986175115,2
"450",2005,0.08,"K","S",11,0.27,9,0,0,0,0,0,0,0,0,"ebb",0,0,0,0,0,1
"451",2005,0.08,"K","NS",1,NA,13,0,0,1,0,0,0,0,1,"flood",1,0,0,0.0769230769230769,0.0769230769230769,1
"452",2005,0.08,"JK","N",10,0.4,41,0,1,9,0,0,5,1,1,"flood",10,6,0.0146341463414634,0.024390243902439,0.0024390243902439,2
"453",2005,0.08,"K","S",14,0.14,13,0,1,0,0,0,0,0,0,"flood",1,0,0,0.00549450549450549,0,1
"454",2005,0.08,"K","NS",4,3.25,35,0,0,0,0,0,0,0,0,"slack",0,0,0,0,0,1
"455",2005,0.08,"JK","NS",21,NA,38,2,2,14,0,0,8,1,2,"flood",16,9,0.0112781954887218,0.0200501253132832,0.0025062656641604,2
"456",2005,0.08,"KL","N",19,2.16,52,0,0,1,1,0,0,0,0,"flood",1,1,0.00101214574898785,0.00101214574898785,0,2
"457",2005,0.08,"L","SN",5,NA,49,0,0,0,0,0,1,0,1,"flood",0,1,0.00408163265306122,0,0.00408163265306122,1
"458",2005,0.08,"L","S",19,2.63,64,0,0,0,0,0,1,0,0,"flood",0,1,0.000822368421052632,0,0,1
"459",2005,0.08,"J","N",25,0.81,48,0,0,0,0,0,1,0,0,"slack",0,1,0.000833333333333333,0,0,1
"460",2005,0.08,"K","N",13,1.24,14,0,0,1,0,0,0,0,0,"flood",1,0,0,0.00549450549450549,0,1
"461",2005,0.08,"K","NS",NA,NA,15,1,1,0,1,0,17,0,1,"flood",1,18,NA,NA,NA,1
"462",2005,0.08,"L","S",27,0.58,15,0,1,3,0,0,5,0,1,"ebb",4,5,0.0123456790123457,0.00987654320987654,0.00246913580246914,1
"463",2005,0.08,"K","NS",NA,NA,14,0,0,0,0,0,0,0,0,"flood",0,0,NA,NA,NA,1
"464",2005,0.08,"K","NS",19,NA,38,2,1,4,1,0,10,0,2,"flood",5,11,0.0152354570637119,0.00692520775623269,0.00277008310249307,1
"465",2005,0.08,"K","S",16,0.31,11,0,0,1,0,0,2,0,0,"ebb",1,2,0.0113636363636364,0.00568181818181818,0,1
"466",2005,0.08,"JK","N",6,1.83,86,0,3,2,1,0,34,0,5,"flood",5,35,0.0678294573643411,0.00968992248062015,0.00968992248062015,2
"467",2005,0.08,"JK","N",27,0.81,34,7,3,5,2,0,12,3,7,"flood",8,17,0.0185185185185185,0.00871459694989107,0.00762527233115468,2
"468",2005,0.08,"L","NS",17,NA,NA,0,0,2,0,0,17,0,0,"ebb",2,17,NA,NA,NA,1
"469",2005,0.08,"L",NA,17,0.47,16,0,0,0,0,0,0,0,0,"ebb",0,0,0,0,0,1
"470",2005,0.08,"KL","N",20,1.75,40,0,0,0,0,0,2,0,0,"slack",0,2,0.0025,0,0,2
"471",2005,0.08,"K","S",12,0.58,12,0,0,1,0,0,0,0,0,"ebb",1,0,0,0.00694444444444444,0,1
"472",2005,0.08,"L","S",15,1.2,24,0,0,2,0,0,2,0,0,"slack",2,2,0.00555555555555556,0.00555555555555556,0,1
"473",2005,0.08,"L","S",4,0.25,9,0,0,0,0,0,0,0,0,"slack",0,0,0,0,0,1
"474",2005,0.08,"K","NS",2,NA,13,0,0,0,0,0,0,0,0,"flood",0,0,0,0,0,1
"475",2005,0.08,"JK","N",36,0.47,29,1,2,5,1,0,5,0,0,"flood",7,6,0.00574712643678161,0.00670498084291188,0,2
"476",2005,0.08,"K","S",20,1.9,56,0,0,0,0,0,0,0,0,"slack",0,0,0,0,0,1
"477",2005,0.08,"KL","N",50,1.26,79,0,0,0,0,0,26,1,0,"flood",0,27,0.00683544303797468,0,0,2
"478",2005,0.08,"KL","N",35,2.49,135,0,0,14,0,2,9,0,0,"flood",14,11,0.00232804232804233,0.00296296296296296,0,2
"479",2005,0.08,"J","N",15,2,46,0,0,3,0,0,5,0,3,"flood",3,5,0.0072463768115942,0.00434782608695652,0.00434782608695652,1
"480",2005,0.08,"J","S",20,1.4,34,0,0,0,0,0,0,0,0,"flood",0,0,0,0,0,1
"481",2005,0.08,"J","N",15,1.4,30,0,1,3,0,0,0,1,0,"flood",4,1,0.00222222222222222,0.00888888888888889,0,1
"482",2005,0.08,"J","NS",3,NA,18,0,0,0,0,0,0,1,1,"flood",0,1,0.0185185185185185,0,0.0185185185185185,1
"483",2005,0.08,"J","N",24,0.79,43,0,0,0,0,0,4,0,0,"ebb",0,4,0.00387596899224806,0,0,1
"484",2005,0.08,"J","S",8,0.88,21,0,0,0,0,0,0,0,0,"ebb",0,0,0,0,0,1
"485",2005,0.08,"J","N",21,2.24,70,0,0,1,0,0,1,0,0,"flood",1,1,0.000680272108843537,0.000680272108843537,0,1
"486",2005,0.08,"J","NS",NA,NA,NA,NA,NA,NA,NA,NA,NA,NA,NA,"",NA,NA,NA,NA,NA,1
"487",2005,0.08,"J","N",21,1.38,40,0,0,0,1,0,5,0,0,"flood",0,6,0.00714285714285714,0,0,1
"488",2005,0.08,"J","N",14,3.07,55,0,0,0,0,0,1,0,0,"flood",0,1,0.0012987012987013,0,0,1
"489",2005,0.08,"J","S",8,1.75,25,0,0,2,0,0,7,0,0,"flood",2,7,0.035,0.01,0,1
"490",2005,0.08,"J","N",16,1.13,38,0,0,0,1,0,2,0,0,"flood",0,3,0.00493421052631579,0,0,1
"491",2005,0.08,"K","N",9,0.78,20,0,0,0,0,0,0,0,0,"flood",0,0,0,0,0,1
"492",2005,0.08,"JKL","N",NA,NA,73,1,1,19,2,0,12,0,1,"flood",20,14,NA,NA,NA,3
"493",2005,0.08,"JL","N",23,0.26,25,0,2,0,0,0,9,2,0,"flood",2,11,0.0191304347826087,0.00347826086956522,0,2
"494",2005,0.08,"J","N",24,0.5,20,0,0,2,1,1,3,0,1,"flood",2,5,0.0104166666666667,0.00416666666666667,0.00208333333333333,1
"495",2005,0.08,"JL","N",21,0.76,25,0,0,1,0,1,6,0,0,"flood",1,7,0.0133333333333333,0.0019047619047619,0,2
"496",2005,0.08,"L","S",6,2.5,23,0,0,1,0,0,0,0,1,"ebb",1,0,0,0.0072463768115942,0.0072463768115942,1
"497",2005,0.08,"JKL","S",18,1,24,0,0,0,0,0,0,0,0,"ebb",0,0,0,0,0,3
"498",2005,0.08,NA,"S",2,NA,8,0,0,0,0,0,0,0,0,"ebb",0,0,0,0,0,NA
"499",2005,0.08,"JKL","S",14,NA,37,0,0,0,0,0,1,0,0,"slack",0,1,0.00193050193050193,0,0,3
"500",2005,0.08,"JKL","N",10,0.9,19,0,0,0,0,0,2,0,0,"slack",0,2,0.0105263157894737,0,0,3
"501",2005,0.08,"J","NS",20,0.75,60,0,0,6,0,0,0,0,0,"flood",6,0,0,0.005,0,1
"502",2005,0.08,NA,"NS",8,1.38,20,0,0,0,0,0,0,0,0,"flood",0,0,0,0,0,NA
"503",2005,0.08,"JKL","N",90,0.21,29,0,3,8,3,0,8,0,1,"slack",11,11,0.00421455938697318,0.00421455938697318,0.000383141762452107,3
"504",2006,0.29,"J","NS",9,NA,48,0,0,0,0,0,0,0,0,"ebb",0,0,0,0,0,1
"505",2006,0.29,"J","NS",19,3.53,76,0,2,2,5,1,9,0,7,"ebb",4,15,0.010387811634349,0.00277008310249307,0.00484764542936288,1
"506",2006,0.29,"L","NS",NA,NA,7,1,0,1,1,0,6,0,0,"flood",1,7,NA,NA,NA,1
"507",2006,0.29,"J","NS",12,NA,46,0,0,0,1,0,4,0,1,"flood",0,5,0.00905797101449275,0,0.00181159420289855,1
"508",2006,0.29,"J","N",3,0.33,15,0,0,0,0,0,0,0,0,"flood",0,0,0,0,0,1
"509",2006,0.29,"J","N",9,0.11,11,0,0,0,1,0,0,0,0,"ebb",0,1,0.0101010101010101,0,0,1
"510",2006,0.29,"J","N",23,1.96,53,0,0,2,0,0,0,0,0,"flood",2,0,0,0.00164068908941756,0,1
"511",2006,0.29,"JL","N",24,0.96,34,0,5,0,2,2,23,0,1,"ebb",5,27,0.0330882352941176,0.00612745098039216,0.00122549019607843,2
"512",2006,0.29,"J","N",23,2.7,87,0,0,0,1,0,3,0,1,"flood",0,4,0.00199900049975012,0,0.000499750124937531,1
"513",2006,0.29,"J","NS",6,NA,52,0,0,0,0,0,2,0,0,"ebb",0,2,0.00641025641025641,0,0,1
"514",2006,0.29,"J","N",14,0.07,7,0,2,1,0,0,3,0,0,"flood",3,3,0.0306122448979592,0.0306122448979592,0,1
"515",2006,0.29,"J","S",23,3.7,102,0,0,0,0,0,0,0,0,"flood",0,0,0,0,0,1
"516",2006,0.29,"J","N",12,1,49,0,0,1,0,0,0,0,0,"flood",1,0,0,0.00170068027210884,0,1
"517",2006,0.29,"L","N",9,1,19,0,0,0,0,0,1,0,0,"flood",0,1,0.00584795321637427,0,0,1
"518",2006,0.29,"J","N",20,3.35,84,1,1,0,1,1,9,0,2,"ebb",1,11,0.00654761904761905,0.000595238095238095,0.00119047619047619,1
"519",2006,0.29,"J","N",20,2,62,0,0,1,0,0,3,0,0,"ebb",1,3,0.00241935483870968,0.000806451612903226,0,1
"520",2006,0.29,"J","NS",8,NA,39,0,0,1,0,0,2,0,2,"flood",1,2,0.00641025641025641,0.00320512820512821,0.00641025641025641,1
"521",2006,0.29,"J","N",22,1.91,55,0,0,5,3,0,4,0,1,"flood",5,7,0.00578512396694215,0.00413223140495868,0.000826446280991736,1
"522",2006,0.29,"J","S",21,1.29,30,0,0,0,0,0,1,0,0,"flood",0,1,0.00158730158730159,0,0,1
"523",2006,0.29,"J","N",15,0.53,16,0,0,0,0,0,13,0,0,"flood",0,13,0.0541666666666667,0,0,1
"524",2006,0.29,"J","N",23,2.65,72,1,0,0,0,0,0,0,1,"flood",0,0,0,0,0.000603864734299517,1
"525",2006,0.29,NA,"N",5,0.2,11,0,0,0,0,0,0,0,0,"flood",0,0,0,0,0,NA
"526",2006,0.29,"J","N",15,0.33,15,1,2,5,2,1,7,0,0,"flood",7,10,0.0444444444444444,0.0311111111111111,0,1
"527",2006,0.29,"JKL","NS",33,3.48,122,1,1,8,1,0,7,0,0,"flood",9,8,0.00198708395429707,0.0022354694485842,0,3
"528",2006,0.29,"J","S",19,0.58,17,0,0,8,0,0,1,0,0,"ebb",8,1,0.00309597523219814,0.0247678018575851,0,1
"529",2006,0.29,"J","S",25,1.2,38,0,0,0,0,0,11,2,0,"ebb",0,13,0.0136842105263158,0,0,1
"530",2006,0.29,"L","NS",5,NA,25,0,0,2,0,0,1,0,0,"ebb",2,1,0.008,0.016,0,1
"531",2006,0.29,"K","N",13,1.85,33,0,2,0,0,0,4,0,0,"flood",2,4,0.00932400932400932,0.00466200466200466,0,1
"532",2006,0.29,"JKL","N",38,1.55,70,0,2,1,1,0,4,0,0,"flood",3,5,0.0018796992481203,0.00112781954887218,0,3
"533",2006,0.29,"JL","N",20,1.65,43,0,0,3,0,0,2,0,0,"flood",3,2,0.00232558139534884,0.00348837209302326,0,2
"534",2006,0.29,NA,"N",45,0.64,36,0,0,2,1,0,6,1,0,"flood",2,8,0.00493827160493827,0.00123456790123457,0,NA
"535",2006,0.29,"JL","N",25,2.72,79,0,0,1,0,0,2,0,0,"slack",1,2,0.0010126582278481,0.000506329113924051,0,2
"536",2006,0.29,"JL","N",23,1.17,41,0,0,0,0,0,0,0,0,"flood",0,0,0,0,0,2
"537",2006,0.29,"JL","SN",23,NA,66,1,0,0,2,0,3,1,7,"flood",0,6,0.00395256916996047,0,0.00461133069828722,2
"538",2006,0.29,"KL","N",25,3.28,95,2,0,0,0,0,15,0,2,"ebb",0,15,0.00631578947368421,0,0.000842105263157895,2
"539",2006,0.29,"L","N",19,0.95,32,2,1,0,1,1,32,0,1,"ebb",1,34,0.0559210526315789,0.00164473684210526,0.00164473684210526,1
"540",2006,0.29,"L","S",27,0.74,31,2,1,8,14,0,29,1,3,"flood",9,44,0.052568697729988,0.010752688172043,0.003584229390681,1
"541",2006,0.29,"L","S",5,0.6,9,0,1,0,0,0,1,0,0,"flood",1,1,0.0222222222222222,0.0222222222222222,0,1
"542",2006,0.29,NA,"NS",3,NA,22,0,0,0,0,0,0,0,0,"ebb",0,0,0,0,0,NA
"543",2006,0.29,"L","N",35,1.86,80,3,1,8,3,1,23,3,11,"flood",9,30,0.0107142857142857,0.00321428571428571,0.00392857142857143,1
"544",2006,0.29,"K","N",15,0.8,26,0,0,1,0,0,1,0,0,"ebb",1,1,0.00256410256410256,0.00256410256410256,0,1
"545",2006,0.29,"K","N",6,2.33,26,0,0,0,0,0,0,0,0,"ebb",0,0,0,0,0,1
"546",2006,0.29,"K","N",12,1.67,30,0,0,0,0,0,0,0,1,"ebb",0,0,0,0,0.00277777777777778,1
"547",2006,0.29,"J","N",9,3.89,48,0,0,0,0,0,4,0,0,"slack",0,4,0.00925925925925926,0,0,1
"548",2006,0.29,"J","N",12,4.5,58,0,0,0,0,0,0,0,0,"flood",0,0,0,0,0,1
"549",2006,0.29,"L","S",5,3.8,38,0,0,0,0,0,0,0,0,"flood",0,0,0,0,0,1
"550",2006,0.29,"L","S",4,0.25,9,0,0,0,0,0,0,0,0,"flood",0,0,0,0,0,1
"551",2006,0.29,"L","S",9,0.56,20,0,0,3,0,0,1,0,1,"flood",3,1,0.00555555555555555,0.0166666666666667,0.00555555555555555,1
"552",2006,0.29,"JK","N",40,0.9,79,0,1,3,6,0,7,0,0,"flood",4,13,0.00411392405063291,0.00126582278481013,0,2
"553",2006,0.29,"K","S",16,1.25,29,0,0,0,0,0,0,0,0,"flood",0,0,0,0,0,1
"554",2006,0.29,"K","N",14,0.29,15,0,0,0,0,0,0,0,0,"flood",0,0,0,0,0,1
"555",2006,0.29,"JK","N",6,1.83,23,0,2,0,0,0,0,0,0,"flood",2,0,0,0.0144927536231884,0,2
"556",2006,0.29,"JK","N",38,1.18,58,0,0,4,0,0,5,0,0,"flood",4,5,0.00226860254083485,0.00181488203266788,0,2
"557",2006,0.29,"K","N",17,2.41,58,0,0,0,0,0,0,0,0,"flood",0,0,0,0,0,1
"558",2006,0.29,"JK","SN",7,NA,52,0,0,1,0,0,0,0,0,"flood",1,0,0,0.00274725274725275,0,2
"559",2006,0.29,"K","NS",16,NA,75,0,0,4,0,0,10,0,0,"ebb",4,10,0.00833333333333333,0.00333333333333333,0,1
"560",2006,0.29,"K","NS",7,NA,56,0,0,0,0,0,1,0,0,"flood",0,1,0.00255102040816327,0,0,1
"561",2006,0.29,"JKL","N",31,1.65,61,0,0,0,0,0,2,0,0,"flood",0,2,0.00105764145954521,0,0,3
"562",2006,0.29,"JK","N",31,2.03,93,0,0,1,0,0,1,1,0,"ebb",1,2,0.000693721817551162,0.000346860908775581,0,2
"563",2006,0.29,"L","S",10,1.6,16,2,2,2,8,0,4,1,1,"ebb",4,13,0.08125,0.025,0.00625,1
"564",2006,0.29,"JK","N",17,2.82,55,0,0,0,1,0,1,0,1,"flood",0,2,0.00213903743315508,0,0.00106951871657754,2
"565",2006,0.29,"K","S",15,1.8,42,0,0,0,0,0,0,0,0,"slack",0,0,0,0,0,1
"566",2006,0.29,"JK","N",24,0.54,24,0,0,0,1,0,36,0,1,"flood",0,37,0.0642361111111111,0,0.00173611111111111,2
"567",2006,0.29,"JK","S",42,1.07,52,0,0,0,5,0,14,1,3,"flood",0,20,0.00915750915750916,0,0.00137362637362637,2
"568",2006,0.29,"JK","N",33,0.76,25,1,0,6,0,0,6,1,6,"flood",6,7,0.00848484848484849,0.00727272727272727,0.00727272727272727,2
"569",2006,0.29,"K","S",20,2.15,60,0,0,2,1,0,10,0,0,"flood",2,11,0.00916666666666667,0.00166666666666667,0,1
"570",2006,0.29,"K","S",13,0.08,9,0,0,0,0,0,0,0,0,"flood",0,0,0,0,0,1
"571",2006,0.29,"JKL","N",44,0.64,54,2,2,0,7,0,13,1,3,"flood",2,21,0.00883838383838384,0.000841750841750842,0.00126262626262626,3
"572",2006,0.29,"L","NS",9,NA,44,1,1,5,1,0,2,0,2,"flood",6,3,0.00757575757575758,0.0151515151515152,0.00505050505050505,1
"573",2006,0.29,"J","S",20,1.8,46,0,0,2,0,0,0,1,0,"flood",2,1,0.00108695652173913,0.00217391304347826,0,1
"574",2006,0.29,"J","N",11,0.55,17,0,2,0,0,0,6,0,0,"flood",2,6,0.0320855614973262,0.0106951871657754,0,1
"575",2006,0.29,"J","N",16,1.06,29,1,0,1,0,0,1,0,2,"flood",1,1,0.0021551724137931,0.0021551724137931,0.00431034482758621,1
"576",2006,0.29,"J","NS",13,NA,54,0,1,3,0,0,0,0,1,"flood",4,0,0,0.0056980056980057,0.00142450142450142,1
"577",2006,0.29,"JKL","N",30,0.97,40,0,0,0,0,1,1,0,4,"flood",0,2,0.00166666666666667,0,0.00333333333333333,3
"578",2006,0.29,"JKL","NS",22,0.91,59,0,0,10,0,0,3,0,3,"flood",10,3,0.00231124807395994,0.00770416024653313,0.00231124807395994,3
"579",2006,0.29,NA,"S",27,1.04,38,1,1,7,1,0,1,0,1,"flood",8,2,0.00194931773879142,0.00779727095516569,0.000974658869395711,NA
"580",2006,0.29,NA,"SN",7,NA,37,1,0,0,0,0,1,0,0,"flood",0,1,0.00386100386100386,0,0,NA
"581",2006,0.29,"JK","N",34,0.88,43,0,0,2,0,0,3,0,1,"flood",2,3,0.00205198358413133,0.00136798905608755,0.000683994528043776,2
"582",2006,0.29,"JKL","N",70,0.54,52,1,1,3,0,0,12,0,2,"flood",4,12,0.0032967032967033,0.0010989010989011,0.000549450549450549,3
"583",2006,0.29,"L","S",10,0.8,28,0,0,0,0,0,0,0,0,"flood",0,0,0,0,0,1
"584",2007,-0.8,"J","N",18,2.17,55,0,0,0,1,0,2,0,0,"ebb",0,3,0.00303030303030303,0,0,1
"585",2007,-0.8,"J","S",10,1.2,22,0,0,0,0,0,0,2,0,"flood",0,2,0.00909090909090909,0,0,1
"586",2007,-0.8,"J","N",2,3,21,0,0,0,0,0,0,0,0,"flood",0,0,0,0,0,1
"587",2007,-0.8,"J","S",15,4,66,0,0,0,0,0,1,0,0,"flood",0,1,0.00101010101010101,0,0,1
"588",2007,-0.8,"J","NS",5,NA,79,0,0,0,4,0,7,0,3,"flood",0,11,0.0278481012658228,0,0.00759493670886076,1
"589",2007,-0.8,"J","S",21,1.76,46,0,1,0,0,0,0,1,2,"slack",1,1,0.0010351966873706,0.0010351966873706,0.0020703933747412,1
"590",2007,-0.8,"J","NS",15,NA,63,0,0,0,0,0,0,0,0,"ebb",0,0,0,0,0,1
"591",2007,-0.8,"J","S",18,4.72,111,0,0,2,0,0,1,1,1,"flood",2,2,0.001001001001001,0.001001001001001,0.0005005005005005,1
"592",2007,-0.8,"J","N",9,1.44,35,0,0,9,0,0,19,0,2,"flood",9,19,0.0603174603174603,0.0285714285714286,0.00634920634920635,1
"593",2007,-0.8,"J","S",22,1.14,32,0,0,1,0,0,0,1,0,"ebb",1,1,0.00142045454545455,0.00142045454545455,0,1
"594",2007,-0.8,"J","N",19,1.7,51,0,1,6,0,0,4,1,5,"flood",7,5,0.00515995872033024,0.00722394220846233,0.00515995872033024,1
"595",2007,-0.8,"J","SN",19,NA,27,0,0,3,2,0,6,1,6,"flood",3,9,0.0175438596491228,0.00584795321637427,0.0116959064327485,1
"596",2007,-0.8,"J","NS",NA,NA,16,0,0,0,0,0,0,0,0,"ebb",0,0,NA,NA,NA,1
"597",2007,-0.8,"J","NS",2,NA,27,0,0,0,0,0,0,0,0,"flood",0,0,0,0,0,1
"598",2007,-0.8,"J","N",14,1.07,22,0,0,7,1,0,4,2,0,"flood",7,7,0.0227272727272727,0.0227272727272727,0,1
"599",2007,-0.8,"J","S",19,2.37,53,0,0,1,0,0,0,0,0,"ebb",1,0,0,0.00099304865938431,0,1
"600",2007,-0.8,"J","N",17,2.29,49,1,0,1,0,0,1,0,0,"flood",1,1,0.00120048019207683,0.00120048019207683,0,1
"601",2007,-0.8,"J","NS",5,NA,53,0,0,0,0,0,0,0,0,"slack",0,0,0,0,0,1
"602",2007,-0.8,"J","NS",7,NA,49,0,0,6,14,0,4,2,0,"ebb",6,20,0.0583090379008746,0.0174927113702624,0,1
"603",2007,-0.8,"J","NS",15,NA,74,0,0,3,0,0,3,0,1,"slack",3,3,0.0027027027027027,0.0027027027027027,0.000900900900900901,1
"604",2007,-0.8,"J","N",13,0.54,19,0,0,5,0,0,6,0,1,"flood",5,6,0.0242914979757085,0.0202429149797571,0.00404858299595142,1
"605",2007,-0.8,"J","N",23,1.7,51,1,0,0,0,0,0,0,0,"flood",0,0,0,0,0,1
"606",2007,-0.8,"J","N",16,1.13,36,0,10,17,0,0,16,1,0,"flood",27,17,0.0295138888888889,0.046875,0,1
"607",2007,-0.8,"J","S",23,1.26,35,0,0,1,0,0,0,0,0,"flood",1,0,0,0.00124223602484472,0,1
"608",2007,-0.8,"J","N",13,0.85,29,0,0,0,0,0,1,0,1,"flood",0,1,0.0026525198938992,0,0.0026525198938992,1
"609",2007,-0.8,"L","S",16,1.69,34,0,0,0,0,0,1,0,0,"flood",0,1,0.00183823529411765,0,0,1
"610",2007,-0.8,"JL","N",21,0.43,27,0,0,19,1,0,0,0,0,"flood",19,1,0.0017636684303351,0.0335097001763668,0,2
"611",2007,-0.8,"L","S",4,0.75,15,0,0,0,0,0,1,0,0,"flood",0,1,0.0166666666666667,0,0,1
"612",2007,-0.8,"J","S",17,0.18,11,0,0,6,0,0,4,0,0,"ebb",6,4,0.0213903743315508,0.0320855614973262,0,1
"613",2007,-0.8,"JL","N",14,0.36,20,0,0,0,0,0,0,0,0,"flood",0,0,0,0,0,2
"614",2007,-0.8,"J","S",18,0.28,12,0,0,5,0,0,0,0,0,"ebb",5,0,0,0.0231481481481482,0,1
"615",2007,-0.8,"JL","N",21,0.33,25,0,0,0,0,0,0,0,0,"flood",0,0,0,0,0,2
"616",2007,-0.8,"JL","N",20,0.3,27,0,0,0,0,0,0,1,0,"flood",0,1,0.00185185185185185,0,0,2
"617",2007,-0.8,"J","S",19,0.26,15,0,0,0,0,0,0,0,0,"ebb",0,0,0,0,0,1
"618",2007,-0.8,"J","N",19,0.16,14,0,0,0,0,0,0,0,0,"flood",0,0,0,0,0,1
"619",2007,-0.8,"J","NS",9,NA,31,0,0,1,0,0,1,0,0,"slack",1,1,0.003584229390681,0.003584229390681,0,1
"620",2007,-0.8,"J","NS",12,NA,67,0,0,0,0,0,1,0,0,"flood",0,1,0.00124378109452736,0,0,1
"621",2007,-0.8,"J","N",15,0.73,18,0,0,0,0,0,0,0,0,"flood",0,0,0,0,0,1
"622",2007,-0.8,"JL","N",37,1.43,65,2,0,5,0,1,13,1,1,"flood",5,15,0.00623700623700624,0.00207900207900208,0.000415800415800416,2
"623",2007,-0.8,"JL","N",23,3.83,115,0,0,0,0,0,0,0,0,"flood",0,0,0,0,0,2
"624",2007,-0.8,"L","N",8,1.88,39,0,2,1,0,0,2,0,0,"flood",3,2,0.00641025641025641,0.00961538461538462,0,1
"625",2007,-0.8,"L","S",6,1,24,0,0,2,0,0,6,0,0,"flood",2,6,0.0416666666666667,0.0138888888888889,0,1
"626",2007,-0.8,"J","N",24,2.96,92,0,0,1,0,0,3,2,0,"flood",1,5,0.00226449275362319,0.000452898550724638,0,1
"627",2007,-0.8,"J","S",23,0.96,43,1,1,10,0,0,4,3,1,"flood",11,7,0.0070778564206269,0.0111223458038423,0.00101112234580384,1
"628",2007,-0.8,"L","S",2,1.5,14,0,0,0,0,0,0,1,0,"flood",0,1,0.0357142857142857,0,0,1
"629",2007,-0.8,"L","S",8,2.25,29,0,0,1,0,0,6,0,0,"ebb",1,6,0.0258620689655172,0.00431034482758621,0,1
"630",2007,-0.8,"L","S",9,0.78,19,0,0,0,0,0,0,0,0,"ebb",0,0,0,0,0,1
"631",2007,-0.8,"K","N",20,1.3,42,0,0,0,0,0,0,0,0,"slack",0,0,0,0,0,1
"632",2007,-0.8,"K","S",14,1.36,27,1,0,5,0,0,1,0,0,"ebb",5,1,0.00264550264550265,0.0132275132275132,0,1
"633",2007,-0.8,"J","S",22,1.5,37,0,0,1,0,0,0,0,0,"ebb",1,0,0,0.00122850122850123,0,1
"634",2007,-0.8,"J","NS",4,0,67,0,0,0,0,0,0,0,4,"flood",0,0,0,0,0.0149253731343284,1
"635",2007,-0.8,"L","NS",NA,NA,11,0,0,0,0,0,0,0,0,"flood",0,0,NA,NA,NA,1
"636",2007,-0.8,"K","S",15,1.07,32,0,0,0,0,0,1,1,1,"flood",0,2,0.00416666666666667,0,0.00208333333333333,1
"637",2007,-0.8,"K","NS",6,2.33,44,0,0,0,0,0,1,1,1,"flood",0,2,0.00757575757575758,0,0.00378787878787879,1
"638",2007,-0.8,"K","N",8,1.38,19,0,0,0,0,1,0,0,0,"flood",0,1,0.00657894736842105,0,0,1
"639",2007,-0.8,"K","N",8,2.63,29,0,0,0,0,0,1,0,0,"flood",0,1,0.00431034482758621,0,0,1
"640",2007,-0.8,"JK","N",33,0.97,41,1,0,4,0,0,5,2,0,"flood",4,7,0.00517368810051737,0.00295639320029564,0,2
"641",2007,-0.8,"J","N",13,4.46,69,0,0,2,1,0,0,1,0,"flood",2,2,0.00222965440356745,0.00222965440356745,0,1
"642",2007,-0.8,"J","N",7,1.29,22,0,0,0,0,0,0,0,0,"flood",0,0,0,0,0,1
"643",2007,-0.8,"J","SN",1,NA,16,0,0,0,0,0,0,0,0,"flood",0,0,0,0,0,1
"644",2007,-0.8,"J","S",6,2.83,40,0,0,0,0,0,0,1,0,"flood",0,1,0.00416666666666667,0,0,1
"645",2007,-0.8,"J","N",9,0.33,20,0,0,0,0,0,2,1,0,"flood",0,3,0.0166666666666667,0,0,1
"646",2007,-0.8,"J","N",7,1.71,30,0,0,0,0,0,0,0,0,"flood",0,0,0,0,0,1
"647",2007,-0.8,"J","NS",6,NA,261,0,0,1,0,0,6,2,1,"flood",1,8,0.00510855683269476,0.000638569604086845,0.000638569604086845,1
"648",2007,-0.8,"JKL","N",61,2.18,125,1,5,7,0,1,36,3,12,"flood",12,40,0.00524590163934426,0.00157377049180328,0.00157377049180328,3
"649",2007,-0.8,"JK","S",30,0.93,33,0,0,0,0,0,0,0,0,"slack",0,0,0,0,0,2
"650",2007,-0.8,"JKL","N",NA,NA,210,1,0,5,3,0,29,0,8,"slack",5,32,NA,NA,NA,3
"651",2007,-0.8,"JKL","N",44,0.98,60,0,0,4,0,1,5,4,1,"ebb",4,10,0.00378787878787879,0.00151515151515152,0.000378787878787879,3
"652",2007,-0.8,"L","NS",3,NA,21,0,0,0,0,0,0,0,0,"flood",0,0,0,0,0,1
"653",2007,-0.8,"JK","S",42,3.57,138,0,0,0,0,0,3,1,0,"flood",0,4,0.000690131124913734,0,0,2
"654",2007,-0.8,"JKL","N",69,1.09,98,0,0,1,0,3,2,0,0,"ebb",1,5,0.000739426205264715,0.000147885241052943,0,3
"655",2007,-0.8,"KL","S",32,1.06,46,0,0,0,0,0,0,0,0,"flood",0,0,0,0,0,2
"656",2007,-0.8,"J","NS",NA,NA,14,0,0,0,0,0,1,0,0,"flood",0,1,NA,NA,NA,1
"657",2008,-0.51,"J","NS",2,NA,36,0,0,0,0,0,0,0,0,"ebb",0,0,0,0,0,1
"658",2008,-0.51,"J","N",25,0.04,21,0,0,0,0,0,0,0,0,"flood",0,0,0,0,0,1
"659",2008,-0.51,"J","N",23,7.13,191,0,0,0,0,0,0,0,1,"ebb",0,0,0,0,0.000227634873662645,1
"660",2008,-0.51,"J","N",4,0.25,28,0,0,0,0,0,0,0,0,"flood",0,0,0,0,0,1
"661",2008,-0.51,"J","NS",7,NA,45,0,0,1,0,0,0,0,0,"ebb",1,0,0,0.00317460317460317,0,1
"662",2008,-0.51,"J","N",9,2.89,36,0,0,0,0,0,0,0,0,"flood",0,0,0,0,0,1
"663",2008,-0.51,"J","S",7,NA,11,0,0,0,0,0,0,0,0,"slack",0,0,0,0,0,1
"664",2008,-0.51,"J","N",24,1.54,49,0,5,0,0,0,9,0,0,"ebb",5,9,0.0076530612244898,0.00425170068027211,0,1
"665",2008,-0.51,"J","S",15,2.4,44,0,0,0,0,0,1,0,0,"ebb",0,1,0.00151515151515152,0,0,1
"666",2008,-0.51,"J","N",6,0.83,60,0,0,0,0,0,1,0,0,"flood",0,1,0.00277777777777778,0,0,1
"667",2008,-0.51,"J","N",14,1.36,26,0,0,0,0,0,0,0,0,"slack",0,0,0,0,0,1
"668",2008,-0.51,"J","NS",4,NA,45,0,0,0,0,0,0,0,0,"flood",0,0,0,0,0,1
"669",2008,-0.51,"JKL","N",49,0.45,36,1,2,3,1,0,15,0,1,"ebb",5,16,0.0090702947845805,0.00283446712018141,0.000566893424036281,3
"670",2008,-0.51,"J","SN",4,NA,24,0,0,0,0,0,0,0,0,"ebb",0,0,0,0,0,1
"671",2008,-0.51,"J","NS",17,NA,89,0,0,0,1,0,4,0,1,"flood",0,5,0.00330469266358229,0,0.000660938532716457,1
"672",2008,-0.51,"J","NS",6,NA,92,0,0,0,0,0,1,0,0,"flood",0,1,0.00181159420289855,0,0,1
"673",2008,-0.51,"JKL","N",18,0.28,14,4,2,2,0,0,22,0,2,"slack",4,22,0.0873015873015873,0.0158730158730159,0.00793650793650794,3
"674",2008,-0.51,"L","NS",2,NA,42,1,0,0,1,0,5,0,6,"flood",0,6,0.0714285714285714,0,0.0714285714285714,1
"675",2008,-0.51,"J","NS",4,NA,36,1,1,4,0,0,0,0,1,"flood",5,0,0,0.0347222222222222,0.00694444444444444,1
"676",2008,-0.51,NA,"NS",1,NA,8,0,0,0,0,0,0,0,0,"ebb",0,0,0,0,0,NA
"677",2008,-0.51,NA,"NS",NA,NA,10,0,0,0,0,0,0,0,0,"flood",0,0,NA,NA,NA,NA
"678",2008,-0.51,"L","S",7,0.43,13,0,0,1,0,0,2,0,0,"ebb",1,2,0.021978021978022,0.010989010989011,0,1
"679",2008,-0.51,"JK","N",41,1.98,87,4,3,13,1,1,26,0,6,"ebb",16,28,0.00784973366975049,0.00448556209700028,0.00168208578637511,2
"680",2008,-0.51,"JK","N",32,2.9,87,4,1,1,0,1,12,0,4,"slack",2,13,0.00466954022988506,0.000718390804597701,0.0014367816091954,2
"681",2008,-0.51,"K","N",2,2,34,0,0,0,0,0,0,0,0,"flood",0,0,0,0,0,1
"682",2008,-0.51,"K","S",2,0.5,18,0,0,0,0,0,0,0,0,"flood",0,0,0,0,0,1
"683",2008,-0.51,"J","SN",NA,NA,89,0,1,4,0,0,1,0,0,"flood",5,1,NA,NA,NA,1
"684",2008,-0.51,NA,"NS",36,NA,72,2,0,8,4,0,15,1,8,"flood",8,20,0.00771604938271605,0.00308641975308642,0.00308641975308642,NA
"685",2008,-0.51,"JKL","S",43,0.4,23,0,2,4,0,0,0,0,0,"ebb",6,0,0,0.00606673407482305,0,3
"686",2008,-0.51,NA,"S",8,0.13,9,0,0,0,0,0,0,0,0,"ebb",0,0,0,0,0,NA
"687",2008,-0.51,"JKL","N",22,2.76,101,5,2,4,1,0,17,0,9,"flood",6,18,0.0081008100810081,0.0027002700270027,0.00405040504050405,3
"688",2008,-0.51,"K","S",12,0.75,45,0,0,1,0,0,0,0,0,"flood",1,0,0,0.00185185185185185,0,1
"689",2008,-0.51,"JKL","N",40,1.29,71,3,0,0,4,0,28,2,3,"flood",0,34,0.0119718309859155,0,0.00105633802816901,3
"690",2008,-0.51,"KL","S",12,2.82,62,0,0,3,0,0,2,1,0,"flood",3,3,0.00403225806451613,0.00403225806451613,0,2
"691",2008,-0.51,NA,"NS",4,NA,6,0,0,0,0,0,0,0,0,"flood",0,0,0,0,0,NA
"692",2008,-0.51,"J","NS",7,NA,83,0,0,8,0,0,4,0,0,"flood",8,4,0.00688468158347676,0.0137693631669535,0,1
"693",2008,-0.51,"J","N",5,1.2,44,0,0,1,0,0,0,1,0,"ebb",1,1,0.00454545454545455,0.00454545454545455,0,1
"694",2008,-0.51,"J","S",5,0.4,12,0,0,0,0,0,0,1,0,"ebb",0,1,0.0166666666666667,0,0,1
"695",2008,-0.51,"J","N",10,0.6,24,0,0,0,0,0,0,0,0,"flood",0,0,0,0,0,1
"696",2008,-0.51,"J","N",5,12,96,0,0,0,0,0,0,2,1,"ebb",0,2,0.00416666666666667,0,0.00208333333333333,1
"697",2008,-0.51,"JL","N",16,6.81,142,0,0,0,0,1,0,0,0,"slack",0,1,0.000440140845070423,0,0,2
"698",2008,-0.51,"JL","N",20,1.65,64,1,0,2,4,1,9,0,4,"ebb",2,14,0.0109375,0.0015625,0.003125,2
"699",2008,-0.51,"JK","N",6,10,83,0,0,1,1,0,7,1,0,"ebb",1,9,0.0180722891566265,0.00200803212851406,0,2
"700",2008,-0.51,"JL","S",12,4.08,60,0,1,2,0,0,2,0,0,"flood",3,2,0.00277777777777778,0.00416666666666667,0,2
"701",2008,-0.51,"J","S",4,1.25,17,0,2,6,0,0,0,0,0,"flood",8,0,0,0.117647058823529,0,1
"702",2008,-0.51,"J","N",24,2.5,77,2,0,4,1,0,3,0,0,"flood",4,4,0.00216450216450216,0.00216450216450216,0,1
"703",2008,-0.51,"K","S",3,NA,6,0,0,1,0,0,0,0,0,"flood",1,0,0,0.0555555555555556,0,1
"704",2008,-0.51,"J","N",2,5.5,33,0,0,0,0,0,0,0,0,"flood",0,0,0,0,0,1
"705",2008,-0.51,"J","S",2,1,12,1,0,0,1,0,1,0,0,"flood",0,2,0.0833333333333333,0,0,1
"706",2008,-0.51,"J","N",19,1.84,45,0,2,2,0,0,17,1,0,"flood",4,18,0.0210526315789474,0.00467836257309942,0,1
"707",2008,-0.51,"J","N",11,2.45,44,0,0,1,0,0,0,0,0,"flood",1,0,0,0.00206611570247934,0,1
"708",2008,-0.51,"JL","S",21,1.33,38,1,0,6,0,0,1,0,2,"slack",6,1,0.0012531328320802,0.0075187969924812,0.0025062656641604,2
"709",2008,-0.51,"JL","N",23,2.7,79,0,0,2,1,0,2,0,2,"ebb",2,3,0.00165107319757843,0.00110071546505228,0.00110071546505228,2
"710",2008,-0.51,"JL","N",15,3.67,77,0,0,1,0,0,3,1,0,"flood",1,4,0.00346320346320346,0.000865800865800866,0,2
"711",2008,-0.51,"JL","NS",5,NA,23,2,0,1,1,0,6,0,0,"flood",1,7,0.0608695652173913,0.00869565217391304,0,2
"712",2008,-0.51,"JL","NS",1,NA,55,0,1,1,0,0,4,0,0,"flood",2,4,0.0727272727272727,0.0363636363636364,0,2
"713",2008,-0.51,"JKL","N",46,1.09,65,2,3,2,4,0,23,0,4,"flood",5,27,0.00903010033444816,0.00167224080267559,0.00133779264214047,3
"714",2008,-0.51,NA,"N",3,0.33,6,0,0,0,0,0,0,0,0,"flood",0,0,0,0,0,NA
"715",2009,-0.46,"JK","N",NA,2.63,72,0,0,0,0,0,1,0,2,"flood",0,1,NA,NA,NA,2
"716",2009,-0.46,"JK","N",24,2.04,58,0,0,2,0,0,0,0,0,"flood",2,0,0,0.0014367816091954,0,2
"717",2009,-0.46,"K","S",6,0.33,13,0,0,0,0,0,0,0,0,"slack",0,0,0,0,0,1
"718",2009,-0.46,"J","N",2,4,25,0,0,0,0,0,0,0,0,"flood",0,0,0,0,0,1
"719",2009,-0.46,"JK","N",23,2.35,59,0,0,0,0,0,0,0,0,"flood",0,0,0,0,0,2
"720",2009,-0.46,"J","N",3,7,26,0,0,0,0,0,0,0,0,"flood",0,0,0,0,0,1
"721",2009,-0.46,"J","N",15,4.13,69,0,0,9,0,0,20,0,0,"flood",9,20,0.0193236714975845,0.00869565217391304,0,1
"722",2009,-0.46,"J","N",4,0.25,10,0,0,0,0,0,0,0,1,"flood",0,0,0,0,0.025,1
"723",2009,-0.46,"J","S",19,2.89,65,0,0,1,0,0,0,0,0,"flood",1,0,0,0.000809716599190283,0,1
"724",2009,-0.46,"K","N",2,NA,14,0,0,0,0,0,0,0,0,"ebb",0,0,0,0,0,1
"725",2009,-0.46,"KL","NS",NA,NA,8,0,0,0,0,0,0,0,0,"flood",0,0,NA,NA,NA,2
"726",2009,-0.46,"JK","N",18,0.94,25,0,0,3,0,0,1,0,2,"flood",3,1,0.00222222222222222,0.00666666666666667,0.00444444444444444,2
"727",2009,-0.46,"JKL","N",NA,NA,38,1,0,3,1,0,7,0,4,"flood",3,8,NA,NA,NA,3
"728",2009,-0.46,"JK","N",29,1.97,65,1,1,11,0,0,6,0,0,"flood",12,6,0.00318302387267905,0.00636604774535809,0,2
"729",2009,-0.46,"J","S",14,0.93,20,0,0,1,0,0,1,0,0,"slack",1,1,0.00357142857142857,0.00357142857142857,0,1
"730",2009,-0.46,"J","NS",NA,NA,54,2,1,10,10,0,4,0,8,"flood",11,14,NA,NA,NA,1
"731",2009,-0.46,"KL","S",21,1.67,41,0,0,2,0,0,0,2,0,"ebb",2,2,0.00232288037166086,0.00232288037166086,0,2
"732",2009,-0.46,"L","S",4,3,23,0,0,0,0,1,0,2,0,"flood",0,3,0.0326086956521739,0,0,1
"733",2009,-0.46,"KL","S",19,1.37,32,0,0,6,0,3,10,3,0,"ebb",6,16,0.0263157894736842,0.00986842105263158,0,2
"734",2009,-0.46,"J","NS",11,NA,75,0,0,0,0,1,32,0,4,"flood",0,33,0.04,0,0.00484848484848485,1
"735",2009,-0.46,"J","NS",NA,NA,15,0,0,0,0,0,2,0,0,"ebb",0,2,NA,NA,NA,1
"736",2009,-0.46,"J","N",26,0.04,14,0,0,0,0,0,0,0,0,"flood",0,0,0,0,0,1
"737",2009,-0.46,"J","S",6,1.33,21,0,0,0,0,0,0,0,0,"flood",0,0,0,0,0,1
"738",2009,-0.46,"J","S",18,6.11,128,0,0,19,0,0,8,3,1,"flood",19,11,0.00477430555555556,0.00824652777777778,0.000434027777777778,1
"739",2009,-0.46,"J","N",25,1.6,57,0,1,9,0,0,20,0,3,"flood",10,20,0.0140350877192982,0.00701754385964912,0.00210526315789474,1
"740",2009,-0.46,"KL","NS",NA,NA,40,0,0,0,0,0,0,0,0,"flood",0,0,NA,NA,NA,2
"741",2009,-0.46,"JKL","N",32,0.44,33,1,0,0,0,0,4,0,1,"flood",0,4,0.00378787878787879,0,0.000946969696969697,3
"742",2009,-0.46,"JL","N",21,1.48,42,0,0,0,0,0,3,0,0,"flood",0,3,0.00340136054421769,0,0,2
"743",2009,-0.46,"JKL","N",54,1.15,71,0,0,3,0,0,6,1,0,"flood",3,7,0.00182576943140323,0.000782472613458529,0,3
"744",2009,-0.46,"K","S",17,0.71,19,0,0,0,0,0,0,0,0,"flood",0,0,0,0,0,1
"745",2009,-0.46,"JK","N",27,2.37,82,0,0,0,0,0,1,2,0,"flood",0,3,0.0013550135501355,0,0,2
"746",2009,-0.46,"JK","N",22,2.59,63,0,0,0,0,0,1,0,0,"flood",0,1,0.000721500721500722,0,0,2
"747",2009,-0.46,"JL","NS",13,NA,81,0,1,1,0,0,6,1,1,"flood",2,7,0.00664767331433998,0.00189933523266857,0.000949667616334283,2
"748",2009,-0.46,"K","N",13,3,48,0,0,0,0,0,2,2,0,"flood",0,4,0.00641025641025641,0,0,1
"749",2009,-0.46,"K","S",18,1.22,33,0,0,0,0,0,1,0,0,"flood",0,1,0.00168350168350168,0,0,1
"750",2009,-0.46,"K","N",NA,NA,88,0,1,3,0,0,6,1,0,"flood",4,7,NA,NA,NA,1
"751",2009,-0.46,"K","N",10,0.7,14,0,0,0,1,0,0,0,0,"flood",0,1,0.00714285714285714,0,0,1
"752",2009,-0.46,"K","N",14,2.07,41,0,0,0,0,0,11,0,0,"flood",0,11,0.0191637630662021,0,0,1
"753",2009,-0.46,"JK","NS",14,2.14,64,2,4,3,2,0,34,5,8,"flood",7,41,0.0457589285714286,0.0078125,0.00892857142857143,2
"754",2009,-0.46,"J","NS",3,0.33,12,0,0,0,0,0,0,0,0,"ebb",0,0,0,0,0,1
"755",2009,-0.46,"J","S",3,0.33,95,0,2,5,0,0,3,0,0,"ebb",7,3,0.0105263157894737,0.0245614035087719,0,1
"756",2009,-0.46,"J","N",11,0.09,9,0,0,4,0,0,0,0,0,"flood",4,0,0,0.0404040404040404,0,1
"757",2009,-0.46,"J","S",17,0.94,23,0,0,0,0,1,0,0,0,"ebb",0,1,0.00255754475703325,0,0,1
"758",2009,-0.46,"J","N",5,1,42,0,0,0,0,0,1,1,0,"flood",0,2,0.00952380952380952,0,0,1
"759",2009,-0.46,"L","S",8,0.13,16,0,0,0,0,0,0,0,0,"flood",0,0,0,0,0,1
"760",2009,-0.46,"KL","N",28,0.93,42,0,1,0,0,0,3,0,2,"flood",1,3,0.00255102040816327,0.000850340136054422,0.00170068027210884,2
"761",2009,-0.46,"JKL","S",29,0.41,24,0,1,5,0,0,5,0,1,"ebb",6,5,0.00718390804597701,0.00862068965517241,0.0014367816091954,3
"762",2009,-0.46,"K","NS",7,2.14,41,0,0,0,0,0,0,0,0,"flood",0,0,0,0,0,1
"763",2009,-0.46,"JKL","N",35,0.57,30,0,1,2,0,0,13,1,0,"slack",3,14,0.0133333333333333,0.00285714285714286,0,3
"764",2009,-0.46,NA,"S",12,1.75,9,0,0,0,0,0,1,0,0,"flood",0,1,0.00925925925925926,0,0,NA
"765",2009,-0.46,"JKL","S",15,1.73,37,0,0,1,0,0,1,0,1,"slack",1,1,0.0018018018018018,0.0018018018018018,0.0018018018018018,3
"766",2009,-0.46,"JKL","NS",NA,NA,90,0,0,0,1,0,11,0,5,"flood",0,12,NA,NA,NA,3
"767",2009,-0.46,"J","N",20,1.65,58,0,0,1,2,0,11,0,1,"flood",1,13,0.0112068965517241,0.000862068965517241,0.000862068965517241,1
"768",2009,-0.46,"J","S",5,0.2,22,0,0,0,0,0,0,0,0,"flood",0,0,0,0,0,1
"769",2009,-0.46,"JKL","S",32,1.41,71,0,0,1,0,0,0,0,0,"ebb",1,0,0,0.000440140845070423,0,3
"770",2009,-0.46,"JKL","N",46,0.43,34,0,3,4,1,1,11,0,0,"ebb",7,13,0.00831202046035806,0.00447570332480818,0,3
"771",2009,-0.46,"JKL","S",10,0.4,13,0,0,2,0,0,2,0,0,"ebb",2,2,0.0153846153846154,0.0153846153846154,0,3
"772",2009,-0.46,NA,"NS",10,NA,147,0,0,2,0,0,5,2,2,"flood",2,7,0.00476190476190476,0.00136054421768707,0.00136054421768707,NA
"773",2009,-0.46,"KL","SN",NA,NA,105,0,0,0,0,0,4,0,1,"flood",0,4,NA,NA,NA,2
"774",2009,-0.46,NA,"SN",NA,NA,55,0,0,0,0,0,1,0,0,"flood",0,1,NA,NA,NA,NA
"775",2010,-0.17,"L","S",13,2,36,0,0,7,0,0,1,0,0,"flood",7,1,0.00213675213675214,0.014957264957265,0,1
"776",2010,-0.17,"L","N",17,2.88,102,0,0,3,0,0,8,0,0,"flood",3,8,0.00461361014994233,0.00173010380622837,0,1
"777",2010,-0.17,"L","S",11,1.55,71,0,0,0,0,0,7,0,0,"flood",0,7,0.0089628681177977,0,0,1
"778",2010,-0.17,"J","S",8,2,23,0,0,5,0,0,1,0,0,"ebb",5,1,0.00543478260869565,0.0271739130434783,0,1
"779",2010,-0.17,"J","S",6,0.17,15,0,0,1,0,0,0,0,0,"ebb",1,0,0,0.0111111111111111,0,1
"780",2010,-0.17,"J","S",6,1.5,17,0,0,0,0,0,4,0,0,"ebb",0,4,0.0392156862745098,0,0,1
"781",2010,-0.17,"J","S",1,NA,31,0,0,0,0,0,0,0,0,"ebb",0,0,0,0,0,1
"782",2010,-0.17,"J","S",9,2,24,1,5,2,1,0,23,0,1,"ebb",7,24,0.111111111111111,0.0324074074074074,0.00462962962962963,1
"783",2010,-0.17,"J","S",15,NA,36,0,10,0,1,0,14,0,2,"flood",10,15,0.0277777777777778,0.0185185185185185,0.0037037037037037,1
"784",2010,-0.17,"J","N",1,NA,15,0,0,0,0,0,1,0,0,"flood",0,1,0.0666666666666667,0,0,1
"785",2010,-0.17,"JL","N",24,1.75,71,0,0,2,2,0,15,0,1,"flood",2,17,0.00997652582159624,0.00117370892018779,0.000586854460093897,2
"786",2010,-0.17,"L","S",3,0.33,13,0,0,0,0,0,1,0,0,"flood",0,1,0.0256410256410256,0,0,1
"787",2010,-0.17,"L","S",5,6.8,49,0,0,1,0,0,1,0,0,"flood",1,1,0.00408163265306122,0.00408163265306122,0,1
"788",2010,-0.17,"JK","N",24,1.25,43,0,0,9,1,2,18,0,2,"flood",9,21,0.0203488372093023,0.00872093023255814,0.00193798449612403,2
"789",2010,-0.17,"K","N",11,1.55,31,0,0,1,2,0,2,0,0,"flood",1,4,0.0117302052785924,0.00293255131964809,0,1
"790",2010,-0.17,"K","S",11,0.45,19,0,0,1,0,0,0,0,0,"flood",1,0,0,0.00478468899521531,0,1
"791",2010,-0.17,"J","N",14,4.79,86,0,0,2,0,0,0,0,0,"ebb",2,0,0,0.00166112956810631,0,1
"792",2010,-0.17,NA,"N",3,0.33,19,0,0,0,0,0,1,0,0,"flood",0,1,0.0175438596491228,0,0,NA
"793",2010,-0.17,NA,"N",4,NA,41,0,0,2,0,0,0,0,0,"flood",2,0,0,0.0121951219512195,0,NA
"794",2010,-0.17,"J","S",5,0.2,31,0,0,2,0,0,0,0,0,"flood",2,0,0,0.0129032258064516,0,1
"795",2010,-0.17,"J","S",18,1.28,29,0,0,0,0,2,1,0,0,"ebb",0,3,0.00574712643678161,0,0,1
"796",2010,-0.17,"J","N",15,NA,78,2,5,1,0,0,16,0,3,"flood",6,16,0.0136752136752137,0.00512820512820513,0.00256410256410256,1
"797",2010,-0.17,"J","N",4,0.75,16,0,0,0,0,0,0,0,0,"flood",0,0,0,0,0,1
"798",2010,-0.17,"JKL","N",23,NA,111,2,2,4,3,1,1,0,1,"ebb",6,5,0.00195848021934978,0.00235017626321974,0.000391696043869957,3
"799",2010,-0.17,"J","NS",8,NA,23,0,0,2,0,0,0,0,0,"slack",2,0,0,0.0108695652173913,0,1
"800",2010,-0.17,"JK","S",5,0.2,7,0,0,0,0,0,0,0,NA,"flood",0,0,0,0,NA,2
"801",2010,-0.17,"J","N",NA,NA,16,0,0,0,0,0,0,0,0,"flood",0,0,NA,NA,NA,1
"802",2010,-0.17,"JK","N",16,0.13,31,0,0,0,0,0,0,0,0,"flood",0,0,0,0,0,2
"803",2010,-0.17,"J","S",9,2.33,46,1,0,0,0,0,0,0,0,"ebb",0,0,0,0,0,1
"804",2010,-0.17,"J","S",6,0.83,13,0,0,0,0,0,0,0,0,"ebb",0,0,0,0,0,1
"805",2010,-0.17,"J","N",4,NA,8,0,0,1,0,0,1,0,0,"ebb",1,1,0.03125,0.03125,0,1
"806",2010,-0.17,"J","N",4,0.25,20,0,2,0,0,1,1,0,0,"ebb",2,2,0.025,0.025,0,1
"807",2010,-0.17,"J","N",1,1,10,0,0,0,0,0,0,0,0,"ebb",0,0,0,0,0,1
"808",2010,-0.17,"J","N",8,1.25,23,0,0,4,0,0,3,0,0,"flood",4,3,0.016304347826087,0.0217391304347826,0,1
"809",2010,-0.17,"J","N",3,0.33,8,0,0,0,0,0,0,0,0,"slack",0,0,0,0,0,1
"810",2010,-0.17,"J","S",10,0.4,24,1,2,1,3,0,5,0,0,"ebb",3,8,0.0333333333333333,0.0125,0,1
"811",2010,-0.17,"J","S",9,2,31,0,0,0,0,0,0,0,0,"ebb",0,0,0,0,0,1
"812",2010,-0.17,"J","N",4,NA,18,0,0,0,1,0,0,0,0,"ebb",0,1,0.0138888888888889,0,0,1
"813",2010,-0.17,"JKL","N",NA,NA,49,0,0,0,0,0,5,0,0,"ebb",0,5,NA,NA,NA,3
"814",2010,-0.17,"L","S",6,3,26,0,0,0,0,0,4,0,0,"ebb",0,4,0.0256410256410256,0,0,1
"815",2010,-0.17,"L","S",2,0.5,9,0,0,0,0,0,0,0,0,"ebb",0,0,0,0,0,1
"816",2010,-0.17,NA,"N",7,NA,18,0,0,0,0,0,0,0,1,"flood",0,0,0,0,0.00793650793650794,NA
"817",2010,-0.17,"K","S",8,7.5,74,0,0,2,0,0,0,0,0,"flood",2,0,0,0.00337837837837838,0,1
"818",2010,-0.17,"J","S",2,0.5,19,0,0,4,0,0,0,0,0,"flood",4,0,0,0.105263157894737,0,1
"819",2010,-0.17,"J","S",3,0.67,25,0,0,0,0,0,0,0,0,"flood",0,0,0,0,0,1
"820",2010,-0.17,"J","N",14,5.57,110,5,0,0,3,0,6,3,2,"slack",0,12,0.00779220779220779,0,0.0012987012987013,1
"821",2010,-0.17,"J","N",4,NA,13,0,0,4,0,0,1,0,0,"flood",4,1,0.0192307692307692,0.0769230769230769,0,1
"822",2010,-0.17,"J","N",6,NA,53,0,0,0,0,0,4,1,0,"flood",0,5,0.0157232704402516,0,0,1
"823",2010,-0.17,NA,"N",16,1.63,46,0,1,8,3,0,2,0,2,"flood",9,5,0.00679347826086957,0.0122282608695652,0.00271739130434783,NA
"824",2010,-0.17,"J","SN",2,NA,52,0,0,0,0,0,0,0,0,"flood",0,0,0,0,0,1
"825",2010,-0.17,"JL","NS",13,2.46,78,0,0,0,0,0,0,0,0,"flood",0,0,0,0,0,2
"826",2010,-0.17,"L","N",13,1.31,29,0,0,0,1,0,7,0,5,"flood",0,8,0.0212201591511936,0,0.013262599469496,1
"827",2010,-0.17,"JL","N",19,NA,100,0,0,1,2,0,5,1,0,"flood",1,8,0.00421052631578947,0.000526315789473684,0,2
"828",2010,-0.17,NA,"N",43,1.65,81,0,0,0,0,0,3,0,0,"flood",0,3,0.000861326442721792,0,0,NA
"829",2010,-0.17,"J","S",12,1.08,20,0,0,0,0,0,0,0,0,"slack",0,0,0,0,0,1
"830",2010,-0.17,"JL","N",21,0.43,26,0,0,0,0,0,2,0,0,"flood",0,2,0.00366300366300366,0,0,2
"831",2010,-0.17,"L","S",9,2.11,27,0,1,0,0,0,1,0,0,"flood",1,1,0.00411522633744856,0.00411522633744856,0,1
"832",2010,-0.17,"J","S",28,2.36,72,0,1,7,0,0,4,0,0,"slack",8,4,0.00198412698412698,0.00396825396825397,0,1
"833",2010,-0.17,"J","N",12,1.75,36,0,0,0,0,0,0,0,1,"flood",0,0,0,0,0.00231481481481481,1
"834",2010,-0.17,"JK","N",15,0.67,23,0,0,0,0,0,1,0,0,"slack",0,1,0.00289855072463768,0,0,2
"835",2010,-0.17,NA,NA,1,1,NA,0,0,0,0,0,0,0,0,"ebb",0,0,NA,NA,NA,NA
"836",2010,-0.17,"L","S",11,2.18,37,0,0,2,0,0,7,0,0,"flood",2,7,0.0171990171990172,0.00491400491400491,0,1
"837",2010,-0.17,"L","N",NA,NA,19,0,0,0,0,0,0,0,0,"flood",0,0,NA,NA,NA,1
"838",2010,-0.17,"J","N",6,NA,32,0,0,4,2,0,4,0,0,"flood",4,6,0.03125,0.0208333333333333,0,1
"839",2010,-0.17,"JK","N",28,1.21,69,0,1,0,0,0,3,0,0,"flood",1,3,0.0015527950310559,0.0005175983436853,0,2
"840",2010,-0.17,"L","N",6,0.5,18,0,0,0,0,0,0,0,0,"slack",0,0,0,0,0,1
"841",2010,-0.17,"JK","S",21,0.81,29,0,0,1,0,0,3,0,0,"flood",1,3,0.00492610837438424,0.00164203612479475,0,2
"842",2010,-0.17,"JKL","N",26,1,34,0,0,3,2,0,17,0,1,"flood",3,19,0.0214932126696833,0.00339366515837104,0.00113122171945701,3
"843",2010,-0.17,"JL","N",9,4.78,64,0,0,0,2,0,4,0,0,"slack",0,6,0.0104166666666667,0,0,2
"844",2010,-0.17,"JL","N",26,2.38,79,0,0,3,0,0,3,0,3,"flood",3,3,0.00146056475170399,0.00146056475170399,0.00146056475170399,2
"845",2010,-0.17,"J","S",12,0.75,18,0,0,2,0,0,0,0,0,"flood",2,0,0,0.00925925925925926,0,1
"846",2010,-0.17,"JL","N",20,0.35,13,0,2,13,0,0,4,0,0,"flood",15,4,0.0153846153846154,0.0576923076923077,0,2
"847",2010,-0.17,"JL","S",30,0.83,32,0,0,0,0,0,5,0,0,"slack",0,5,0.00520833333333333,0,0,2
"848",2010,-0.17,"J","N",18,2.44,57,0,0,2,0,0,14,0,4,"flood",2,14,0.01364522417154,0.00194931773879142,0.00389863547758285,1
"849",2010,-0.17,"J","N",3,0.33,11,0,0,0,0,0,0,0,0,"slack",0,0,0,0,0,1
"850",2010,-0.17,"J","N",4,0.25,7,0,0,0,0,0,0,0,0,"ebb",0,0,0,0,0,1
"851",2010,-0.17,"JL","S",20,0.6,21,0,0,14,0,0,2,2,1,"ebb",14,4,0.00952380952380952,0.0333333333333333,0.00238095238095238,2
"852",2010,-0.17,"JL","S",NA,NA,21,0,1,5,0,0,0,6,0,"flood",6,6,NA,NA,NA,2
"853",2010,-0.17,"L","S",NA,NA,NA,NA,NA,NA,NA,NA,NA,NA,NA,"",NA,NA,NA,NA,NA,1
"854",2010,-0.17,"JL","N",18,0.28,17,0,0,0,0,0,0,0,0,"flood",0,0,0,0,0,2
"855",2010,-0.17,"L","S",12,1,56,0,0,3,0,0,1,2,0,"flood",3,3,0.00446428571428571,0.00446428571428571,0,1
"856",2010,-0.17,"J","S",12,3.17,47,0,0,1,0,0,1,0,0,"flood",1,1,0.00177304964539007,0.00177304964539007,0,1
"857",2010,-0.17,"JL","N",25,0.04,33,0,0,0,0,0,NA,0,2,"flood",0,NA,NA,0,0.00242424242424242,2
"858",2010,-0.17,"L","N",10,NA,22,0,0,0,0,0,1,0,0,"flood",0,1,0.00454545454545455,0,0,1
"859",2010,-0.17,"L","N",8,0.13,26,0,0,0,0,0,0,0,0,"flood",0,0,0,0,0,1
"860",2010,-0.17,"JL","N",35,3.29,131,0,0,3,0,0,16,0,0,"flood",3,16,0.0034896401308615,0.000654307524536532,0,2
"861",2010,-0.17,"L","N",3,NA,22,0,0,0,0,0,0,0,0,"ebb",0,0,0,0,0,1
"862",2010,-0.17,"L","S",18,0.44,15,0,0,5,0,0,0,0,1,"slack",5,0,0,0.0185185185185185,0.0037037037037037,1
"863",2010,-0.17,NA,"NS",8,NA,19,0,0,0,0,0,5,1,0,"flood",0,6,0.0394736842105263,0,0,NA
"864",2010,-0.17,NA,"N",1,NA,NA,0,0,0,0,0,0,0,0,"ebb",0,0,NA,NA,NA,NA
"865",2010,-0.17,"JKL","N",26,1.23,51,0,0,3,1,1,9,0,2,"ebb",3,11,0.00829562594268477,0.00226244343891403,0.00150829562594268,3
"866",2010,-0.17,"KL","NS",17,NA,106,0,0,0,0,0,4,0,0,"flood",0,4,0.00221975582685905,0,0,2
"867",2010,-0.17,"JKL","S",20,1.6,44,0,0,1,1,0,0,0,0,"flood",1,1,0.00113636363636364,0.00113636363636364,0,3
"868",2010,-0.17,"K","S",12,1.17,19,0,0,0,0,0,0,0,0,"ebb",0,0,0,0,0,1
"869",2010,-0.17,"J","NS",2,NA,16,0,0,0,0,0,1,0,1,"ebb",0,1,0.03125,0,0.03125,1
"870",2010,-0.17,"JKL","N",42,2.48,125,0,0,2,0,1,24,0,7,"flood",2,25,0.00476190476190476,0.000380952380952381,0.00133333333333333,3
"871",2010,-0.17,"KL","NS",14,NA,65,0,0,1,0,0,5,0,5,"flood",1,5,0.00549450549450549,0.0010989010989011,0.00549450549450549,2
"872",2010,-0.17,NA,"S",10,1,18,0,0,2,0,0,0,0,0,"flood",2,0,0,0.0111111111111111,0,NA
"873",2010,-0.17,NA,"S",NA,NA,26,0,0,0,0,0,0,0,0,"slack",0,0,NA,NA,NA,NA
"874",2010,-0.17,"JKL","S",NA,1.11,32,0,5,17,0,0,1,0,0,"flood",22,1,NA,NA,NA,3
"875",2010,-0.17,"JKL","N",14,1.21,27,0,0,0,0,0,0,0,0,"flood",0,0,0,0,0,3
"876",2010,-0.17,"JKL","N",NA,1.2,23,0,0,0,0,0,1,0,1,"flood",0,1,NA,NA,NA,3
"877",2011,-1.04,"J","S",22,1.82,46,0,0,0,0,0,0,0,0,"ebb",0,0,0,0,0,1
"878",2011,-1.04,"J","N",21,0.9,36,0,0,0,0,0,1,0,0,"flood",0,1,0.00132275132275132,0,0,1
"879",2011,-1.04,"L","S",2,2,10,0,0,0,0,0,0,0,0,"slack",0,0,0,0,0,1
"880",2011,-1.04,"J","S",8,4.63,41,0,0,0,0,0,1,0,1,"flood",0,1,0.00304878048780488,0,0.00304878048780488,1
"881",2011,-1.04,"J","S",15,2.8,59,0,0,0,0,0,5,0,1,"flood",0,5,0.00564971751412429,0,0.00112994350282486,1
"882",2011,-1.04,"J","N",21,1.19,33,0,0,1,0,0,1,0,0,"slack",1,1,0.00144300144300144,0.00144300144300144,0,1
"883",2011,-1.04,"J","N",23,1.39,54,0,0,0,0,0,0,0,2,"flood",0,0,0,0,0.00161030595813205,1
"884",2011,-1.04,"J","S",6,1.33,18,0,0,0,0,0,0,0,0,"flood",0,0,0,0,0,1
"885",2011,-1.04,"J","S",21,0.43,18,0,0,2,0,0,2,0,0,"flood",2,2,0.00529100529100529,0.00529100529100529,0,1
"886",2011,-1.04,"J","N",27,0.04,7,0,0,0,0,0,0,0,1,"flood",0,0,0,0,0.00529100529100529,1
"887",2011,-1.04,"K","N",5,1.2,12,0,0,0,0,0,0,0,0,"flood",0,0,0,0,0,1
"888",2011,-1.04,"J","N",8,5.88,18,0,0,0,0,0,4,1,0,"flood",0,5,0.0347222222222222,0,0,1
"889",2011,-1.04,"J","S",28,2.39,73,0,0,3,0,0,0,0,0,"ebb",3,0,0,0.00146771037181996,0,1
"890",2011,-1.04,"J","N",21,1.29,39,0,0,0,0,0,2,0,0,"flood",0,2,0.00244200244200244,0,0,1
"891",2011,-1.04,"J","N",15,4.4,77,0,0,0,0,0,0,0,0,"flood",0,0,0,0,0,1
"892",2011,-1.04,"J","N",7,0.43,17,0,0,2,0,0,3,0,0,"ebb",2,3,0.0252100840336134,0.0168067226890756,0,1
"893",2011,-1.04,"J","S",5,0.4,12,0,0,1,0,0,1,0,0,"ebb",1,1,0.0166666666666667,0.0166666666666667,0,1
"894",2011,-1.04,"J","NS",3,NA,11,0,0,0,0,0,3,0,0,"ebb",0,3,0.0909090909090909,0,0,1
"895",2011,-1.04,"J","N",13,0.08,15,0,0,0,0,0,0,0,0,"ebb",0,0,0,0,0,1
"896",2011,-1.04,"K","N",6,0.17,13,0,0,0,1,0,1,0,0,"ebb",0,2,0.0256410256410256,0,0,1
"897",2011,-1.04,"J","N",13,2.31,36,0,0,0,0,0,2,0,0,"flood",0,2,0.00427350427350427,0,0,1
"898",2011,-1.04,"J","NS",24,NA,97,0,3,2,7,0,41,1,6,"ebb",5,49,0.0210481099656357,0.00214776632302406,0.00257731958762887,1
"899",2011,-1.04,"J","NS",12,NA,41,0,0,6,0,0,6,1,1,"flood",6,7,0.0142276422764228,0.0121951219512195,0.00203252032520325,1
"900",2011,-1.04,"J","N",12,1.5,38,0,0,3,0,0,3,0,0,"flood",3,3,0.00657894736842105,0.00657894736842105,0,1
"901",2011,-1.04,"J","N",7,0.14,12,0,0,0,0,0,0,0,0,"slack",0,0,0,0,0,1
"902",2011,-1.04,"K","NS",1,NA,4,0,0,0,0,0,0,0,0,"flood",0,0,0,0,0,1
"903",2011,-1.04,"JK","N",12,4.67,111,0,0,1,0,0,1,0,0,"flood",1,1,0.000750750750750751,0.000750750750750751,0,2
"904",2011,-1.04,"J","S",2,NA,3,0,0,0,0,0,0,2,0,"flood",0,2,0.333333333333333,0,0,1
"905",2011,-1.04,"J","N",18,1.83,42,0,0,3,0,0,2,0,0,"flood",3,2,0.00264550264550265,0.00396825396825397,0,1
"906",2011,-1.04,"J","NS",3,NA,12,0,0,0,0,0,2,0,0,"flood",0,2,0.0555555555555556,0,0,1
"907",2011,-1.04,"JKL","N",62,0.61,46,0,2,4,2,0,13,1,0,"ebb",6,16,0.00561009817671809,0.00210378681626928,0,3
"908",2011,-1.04,"JK","S",29,0,37,0,1,24,1,0,2,0,0,"flood",25,3,0.00279589934762349,0.0232991612301957,0,2
"909",2011,-1.04,"K","S",14,1.36,28,0,0,3,0,0,1,0,0,"slack",3,1,0.00255102040816327,0.0076530612244898,0,1
"910",2011,-1.04,"JKL","N",33,2.15,79,0,0,1,2,0,10,0,1,"flood",1,12,0.0046029919447641,0.000383582662063675,0.000383582662063675,3
"911",2011,-1.04,"K","S",2,0.5,15,0,0,0,0,0,0,0,0,"slack",0,0,0,0,0,1
"912",2011,-1.04,"K","S",7,3.14,50,0,0,1,0,0,0,0,0,"flood",1,0,0,0.00285714285714286,0,1
"913",2011,-1.04,"J","N",5,1.8,12,0,0,2,0,0,0,0,0,"flood",2,0,0,0.0333333333333333,0,1
"914",2011,-1.04,"J","N",14,3.86,62,0,0,1,0,0,2,0,0,"flood",1,2,0.00230414746543779,0.00115207373271889,0,1
"915",2011,-1.04,"JK","S",13,0.69,24,0,0,0,1,0,8,0,0,"flood",0,9,0.0288461538461538,0,0,2
"916",2011,-1.04,NA,"NS",NA,NA,22,0,0,0,0,0,3,0,0,"flood",0,3,NA,NA,NA,NA
"917",2011,-1.04,"JK","S",27,1.41,45,0,0,1,0,0,0,0,0,"slack",1,0,0,0.000823045267489712,0,2
"918",2011,-1.04,"JK","NS",12,NA,85,0,0,1,2,0,8,0,3,"flood",1,10,0.00980392156862745,0.000980392156862745,0.00294117647058824,2
"919",2011,-1.04,"JK","NS",24,NA,113,0,0,1,2,0,0,0,0,"ebb",1,2,0.000737463126843658,0.000368731563421829,0,2
"920",2011,-1.04,"J","N",16,1.19,31,0,0,1,0,0,1,0,0,"flood",1,1,0.00201612903225806,0.00201612903225806,0,1
"921",2011,-1.04,NA,"S",9,1.11,23,0,0,0,0,0,1,0,0,"flood",0,1,0.00483091787439614,0,0,NA
"922",2011,-1.04,"L","S",7,11,102,0,0,0,0,0,0,0,0,"flood",0,0,0,0,0,1
"923",2011,-1.04,"JL","S",13,1,26,0,1,0,0,0,0,0,0,"ebb",1,0,0,0.00295857988165681,0,2
"924",2011,-1.04,"J","NS",1,NA,5,0,0,0,0,0,0,0,0,"slack",0,0,0,0,0,1
"925",2011,-1.04,"JKL","N",36,0.72,38,0,0,0,1,1,6,0,2,"flood",0,8,0.00584795321637427,0,0.00146198830409357,3
"926",2011,-1.04,"L","S",10,1.3,26,0,1,3,0,0,3,0,1,"slack",4,3,0.0115384615384615,0.0153846153846154,0.00384615384615385,1
"927",2011,-1.04,NA,"NS",2,NA,8,0,0,0,0,0,0,0,0,"flood",0,0,0,0,0,NA
"928",2011,-1.04,"L","N",8,1.75,21,0,0,0,0,0,1,0,0,"flood",0,1,0.00595238095238095,0,0,1
"929",2011,-1.04,"JL","S",18,0.67,29,0,0,7,1,0,9,0,1,"flood",7,10,0.0191570881226054,0.0134099616858238,0.00191570881226054,2
"930",2011,-1.04,"K","S",17,2.47,58,0,0,0,0,0,0,0,0,"flood",0,0,0,0,0,1
"931",2011,-1.04,"JK","SN",34,NA,88,0,0,8,0,0,9,0,0,"flood",8,9,0.00300802139037433,0.00267379679144385,0,2
"932",2011,-1.04,"JKL","SN",31,NA,122,0,0,1,4,0,3,0,2,"flood",1,7,0.00185087255420412,0.000264410364886304,0.000528820729772607,3
"933",2011,-1.04,NA,"NS",4,NA,26,0,0,4,0,0,7,0,0,"flood",4,7,0.0673076923076923,0.0384615384615385,0,NA
"934",2011,-1.04,"J","S",34,0.76,34,0,0,0,0,0,0,0,0,"flood",0,0,0,0,0,1
"935",2011,-1.04,"K","N",15,0.67,34,0,0,0,0,0,0,0,0,"slack",0,0,0,0,0,1
"936",2011,-1.04,"J","N",27,0.04,33,0,0,0,0,0,0,0,0,"flood",0,0,0,0,0,1
"937",2011,-1.04,"K","S",18,0.78,32,0,0,0,0,0,0,0,0,"flood",0,0,0,0,0,1
"938",2011,-1.04,"JKL","SN",NA,NA,112,0,2,3,0,0,16,2,2,"flood",5,18,NA,NA,NA,3
"939",2011,-1.04,"JK","N",18,0.67,42,0,1,1,0,0,1,0,0,"ebb",2,1,0.00132275132275132,0.00264550264550265,0,2
"940",2011,-1.04,NA,"N",NA,NA,71,0,1,0,2,2,25,0,2,"flood",1,29,NA,NA,NA,NA
"941",2011,-1.04,"JK","S",18,1.44,44,0,0,4,1,0,0,0,0,"ebb",4,1,0.00126262626262626,0.00505050505050505,0,2
"942",2011,-1.04,"L","S",NA,NA,26,0,0,0,0,0,0,0,0,"ebb",0,0,NA,NA,NA,1
"943",2011,-1.04,"JKL","S",30,0.87,54,0,2,4,0,0,0,0,0,"flood",6,0,0,0.0037037037037037,0,3
"944",2012,-1.68,"J","S",26,0.08,7,0,0,0,0,0,0,0,0,"ebb",0,0,0,0,0,1
"945",2012,-1.68,"J","S",4,0.25,7,0,0,0,0,0,0,0,0,"ebb",0,0,0,0,0,1
"946",2012,-1.68,"J","N",5,0.6,12,0,0,0,0,0,0,0,0,"flood",0,0,0,0,0,1
"947",2012,-1.68,"J","N",12,0.08,8,0,0,0,0,0,0,0,0,"flood",0,0,0,0,0,1
"948",2012,-1.68,"JK","N",43,1.05,59,0,0,1,2,4,3,0,2,"slack",1,9,0.00354749704375246,0.000394166338194718,0.000788332676389436,2
"949",2012,-1.68,"JK","N",NA,NA,19,0,0,0,0,0,0,0,0,"flood",0,0,NA,NA,NA,2
"950",2012,-1.68,"J","N",6,4,68,0,0,2,0,0,4,3,0,"ebb",2,7,0.017156862745098,0.00490196078431373,0,1
"951",2012,-1.68,"J","N",20,1.4,38,0,0,2,1,0,3,0,0,"flood",2,4,0.00526315789473684,0.00263157894736842,0,1
"952",2012,-1.68,"JL","S",15,0.33,19,0,0,1,0,0,0,0,0,"ebb",1,0,0,0.00350877192982456,0,2
"953",2012,-1.68,"J","N",5,0.2,16,0,0,0,0,0,0,0,0,"slack",0,0,0,0,0,1
"954",2012,-1.68,"JL","S",NA,NA,61,0,0,5,0,0,6,0,1,"ebb",5,6,NA,NA,NA,2
"955",2012,-1.68,"JK","S",17,4.18,80,0,0,0,0,0,0,0,0,"ebb",0,0,0,0,0,2
"956",2012,-1.68,"J","N",14,1.79,35,0,0,3,5,0,15,0,1,"flood",3,20,0.0408163265306122,0.00612244897959184,0.00204081632653061,1
"957",2012,-1.68,NA,"N",2,0.5,9,0,0,0,0,0,0,0,0,"ebb",0,0,0,0,0,NA
"958",2012,-1.68,NA,"N",19,1.84,36,0,0,5,1,0,14,0,0,"flood",5,15,0.0219298245614035,0.00730994152046784,0,NA
"959",2012,-1.68,"J","N",23,4.3,115,0,0,2,0,0,1,0,0,"slack",2,1,0.000378071833648393,0.000756143667296786,0,1
"960",2012,-1.68,"J","NS",NA,NA,78,0,0,0,1,0,1,0,0,"flood",0,2,NA,NA,NA,1
"961",2012,-1.68,"J","N",22,1.45,43,0,0,0,0,0,4,1,2,"ebb",0,5,0.00528541226215645,0,0.00211416490486258,1
"962",2012,-1.68,"J","N",6,3.33,37,0,1,2,0,0,2,0,1,"ebb",3,2,0.00900900900900901,0.0135135135135135,0.0045045045045045,1
"963",2012,-1.68,"J","N",4,3.5,27,0,0,0,0,0,3,0,0,"ebb",0,3,0.0277777777777778,0,0,1
"964",2012,-1.68,"J","N",4,2,18,0,0,0,0,0,0,0,0,"slack",0,0,0,0,0,1
"965",2012,-1.68,"J","N",12,1.67,32,0,0,0,0,0,5,0,0,"flood",0,5,0.0130208333333333,0,0,1
"966",2012,-1.68,"J","N",11,1.55,41,0,1,12,0,0,5,0,0,"ebb",13,5,0.0110864745011086,0.0288248337028825,0,1
"967",2012,-1.68,"JL","N",39,0.26,23,0,0,0,0,0,0,0,0,"ebb",0,0,0,0,0,2
"968",2012,-1.68,NA,NA,NA,NA,NA,NA,NA,NA,NA,NA,NA,NA,NA,"",NA,NA,NA,NA,NA,NA
"969",2012,-1.68,NA,NA,NA,NA,NA,NA,NA,NA,NA,NA,NA,NA,NA,"",NA,NA,NA,NA,NA,NA
"970",2012,-1.68,NA,NA,NA,NA,NA,NA,NA,NA,NA,NA,NA,NA,NA,"",NA,NA,NA,NA,NA,NA
"971",2012,-1.68,NA,NA,NA,NA,NA,NA,NA,NA,NA,NA,NA,NA,NA,"",NA,NA,NA,NA,NA,NA
"972",2012,-1.68,NA,NA,NA,NA,NA,NA,NA,NA,NA,NA,NA,NA,NA,"",NA,NA,NA,NA,NA,NA
"973",2012,-1.68,NA,NA,NA,NA,NA,NA,NA,NA,NA,NA,NA,NA,NA,"",NA,NA,NA,NA,NA,NA
"974",2012,-1.68,NA,NA,NA,NA,NA,NA,NA,NA,NA,NA,NA,NA,NA,"",NA,NA,NA,NA,NA,NA
"975",2012,-1.68,NA,NA,NA,NA,NA,NA,NA,NA,NA,NA,NA,NA,NA,"",NA,NA,NA,NA,NA,NA
"976",2012,-1.68,NA,NA,NA,NA,NA,NA,NA,NA,NA,NA,NA,NA,NA,"",NA,NA,NA,NA,NA,NA
"977",2012,-1.68,NA,NA,NA,NA,NA,NA,NA,NA,NA,NA,NA,NA,NA,"",NA,NA,NA,NA,NA,NA
"978",2012,-1.68,NA,NA,NA,NA,NA,NA,NA,NA,NA,NA,NA,NA,NA,"",NA,NA,NA,NA,NA,NA
"979",2012,-1.68,"J","N",12,1.25,71,0,0,0,0,0,0,1,0,"flood",0,1,0.00117370892018779,0,0,1
"980",2012,-1.68,"J","S",23,1.83,70,0,0,2,0,0,0,0,0,"flood",2,0,0,0.00124223602484472,0,1
"981",2012,-1.68,"J","N",21,1.95,75,0,0,0,0,0,0,0,0,"flood",0,0,0,0,0,1
"982",2012,-1.68,"J","N",9,5.78,89,0,0,0,0,0,0,0,0,"ebb",0,0,0,0,0,1
"983",2012,-1.68,"J","NS",15,NA,43,0,0,0,0,0,2,0,1,"slack",0,2,0.00310077519379845,0,0.00155038759689922,1
"984",2012,-1.68,NA,"N",17,1.94,86,0,0,2,0,0,6,0,1,"flood",2,6,0.00410396716826265,0.00136798905608755,0.000683994528043776,NA
"985",2012,-1.68,"J","N",12,4.75,68,0,0,0,0,0,11,1,1,"ebb",0,12,0.0147058823529412,0,0.00122549019607843,1
"986",2012,-1.68,"L","N",1,NA,14,0,0,0,0,0,0,0,0,"slack",0,0,0,0,0,1
"987",2012,-1.68,NA,"S",8,1.38,17,0,0,2,0,0,1,0,0,"slack",2,1,0.00735294117647059,0.0147058823529412,0,NA
"988",2012,-1.68,NA,"S",3,0.33,4,0,0,0,0,0,0,0,0,"slack",0,0,0,0,0,NA
"989",2012,-1.68,"J","S",8,0.75,16,0,0,1,0,0,0,0,0,"flood",1,0,0,0.0078125,0,1
"990",2012,-1.68,"J","N",9,NA,47,0,0,0,0,0,1,0,0,"slack",0,1,0.00236406619385343,0,0,1
"991",2012,-1.68,"J","N",8,1.25,29,0,0,0,0,0,1,0,0,"ebb",0,1,0.00431034482758621,0,0,1
"992",2012,-1.68,"J","N",6,4,37,0,0,0,0,0,1,0,0,"flood",0,1,0.0045045045045045,0,0,1
"993",2012,-1.68,"J","S",NA,NA,35,0,1,2,0,0,6,0,0,"flood",3,6,NA,NA,NA,1
"994",2012,-1.68,"J","S",6,4.33,43,0,0,0,0,0,0,0,0,"flood",0,0,0,0,0,1
"995",2012,-1.68,"J","NS",NA,NA,NA,0,NA,NA,NA,NA,NA,NA,NA,"flood",NA,NA,NA,NA,NA,1
"996",2012,-1.68,"J","NS",2,NA,55,0,0,0,0,0,0,0,0,"flood",0,0,0,0,0,1
"997",2012,-1.68,"J","NS",8,NA,40,0,0,0,0,0,1,0,0,"ebb",0,1,0.003125,0,0,1
"998",2012,-1.68,"J","NS",10,NA,29,0,0,0,0,0,0,0,0,"flood",0,0,0,0,0,1
"999",2012,-1.68,NA,"NS",38,NA,63,0,0,1,1,0,1,0,0,"flood",1,2,0.000835421888053467,0.000417710944026733,0,NA
"1000",2012,-1.68,"J","S",28,3.96,148,0,0,4,0,0,4,0,0,"flood",4,4,0.000965250965250965,0.000965250965250965,0,1
"1001",2012,-1.68,"JL","S",5,1.6,81,0,0,0,1,0,6,0,0,"ebb",0,7,0.0172839506172839,0,0,2
"1002",2012,-1.68,"JL","S",21,1.71,66,0,1,3,0,0,1,3,2,"flood",4,4,0.00288600288600289,0.00288600288600289,0.00144300144300144,2
"1003",2012,-1.68,"JL","N",17,0.88,26,0,0,1,0,0,0,0,0,"flood",1,0,0,0.00226244343891403,0,2
"1004",2012,-1.68,"L","S",17,0.47,27,0,0,1,0,0,4,0,0,"flood",1,4,0.00871459694989107,0.00217864923747277,0,1
"1005",2012,-1.68,NA,"NS",1,NA,5,0,0,0,0,0,0,0,0,"ebb",0,0,0,0,0,NA
"1006",2012,-1.68,"JKL","N",45,0.78,43,0,0,0,0,0,0,0,0,"slack",0,0,0,0,0,3
"1007",2012,-1.68,"L","S",5,1.6,39,0,0,0,0,0,0,0,0,"flood",0,0,0,0,0,1
"1008",2012,-1.68,NA,"NS",9,NA,23,0,0,0,0,0,0,0,0,"slack",0,0,0,0,0,NA
"1009",2012,-1.68,NA,NA,NA,NA,43,0,NA,NA,NA,NA,NA,NA,NA,"",NA,NA,NA,NA,NA,NA
"1010",2012,-1.68,"J","S",6,NA,12,0,0,0,0,0,1,0,0,"flood",0,1,0.0138888888888889,0,0,1
"1011",2012,-1.68,"J","N",NA,NA,111,0,0,1,0,0,5,0,4,"flood",1,5,NA,NA,NA,1
"1012",2012,-1.68,"J","SN",1,NA,15,0,0,0,0,0,0,0,0,"slack",0,0,0,0,0,1
"1013",2012,-1.68,"J","S",5,2.4,24,0,0,0,0,0,0,0,0,"slack",0,0,0,0,0,1
"1014",2012,-1.68,"J","N",5,0.6,19,0,0,0,0,0,0,0,1,"flood",0,0,0,0,0.0105263157894737,1
"1015",2012,-1.68,"J","S",15,1.53,33,0,0,1,1,0,3,0,0,"flood",1,4,0.00808080808080808,0.00202020202020202,0,1
"1016",2013,-1.75,"J","N",NA,NA,36,2,0,1,2,0,9,0,0,"ebb",1,11,NA,NA,NA,1
"1017",2013,-1.75,"J","S",NA,NA,31,0,0,0,0,0,0,0,0,"ebb",0,0,NA,NA,NA,1
"1018",2013,-1.75,"J","N",NA,NA,66,0,1,0,0,0,1,0,0,"slack",1,1,NA,NA,NA,1
"1019",2013,-1.75,"J","S",20,1.8,44,0,0,1,0,0,0,0,4,"slack",1,0,0,0.00113636363636364,0.00454545454545455,1
"1020",2013,-1.75,"J","N",NA,NA,30,3,0,2,1,0,10,0,2,"flood",2,11,NA,NA,NA,1
"1021",2013,-1.75,"J","N",37,NA,46,2,4,2,1,0,5,0,2,"flood",6,6,0.00352526439482961,0.00352526439482961,0.00117508813160987,1
"1022",2013,-1.75,"J","N",20,0.83,24,0,0,0,0,0,0,0,0,"flood",0,0,0,0,0,1
"1023",2013,-1.75,"JL","N",42,0.95,67,0,0,0,0,0,5,0,1,"flood",0,5,0.00177683013503909,0,0.000355366027007818,2
"1024",2013,-1.75,"JL","NS",NA,NA,47,0,0,7,0,0,1,0,7,"flood",7,1,NA,NA,NA,2
"1025",2013,-1.75,"J","S",11,1.8,26,0,0,0,0,0,1,0,0,"ebb",0,1,0.0034965034965035,0,0,1
"1026",2013,-1.75,"J","S",3,1.3,10,0,0,1,0,0,2,0,0,"ebb",1,2,0.0666666666666667,0.0333333333333333,0,1
"1027",2013,-1.75,"J","S",9,0.17,6,0,0,0,0,0,0,0,0,"ebb",0,0,0,0,0,1
"1028",2013,-1.75,"J","N",20,0.3,17,0,0,0,1,0,7,0,1,"ebb",0,8,0.0235294117647059,0,0.00294117647058824,1
"1029",2013,-1.75,"J","N",NA,NA,122,0,0,2,1,3,3,2,2,"flood",2,9,NA,NA,NA,1
"1030",2013,-1.75,"L","S",10,2.75,22,0,0,4,0,0,0,0,0,"",4,0,0,0.0181818181818182,0,1
"1031",2013,-1.75,"L","N",32,0.75,36,2,0,1,3,1,4,0,0,"ebb",1,8,0.00694444444444444,0.000868055555555556,0,1
"1032",2013,-1.75,"L","S",29,0.93,34,0,0,0,0,0,0,0,0,"ebb",0,0,0,0,0,1
"1033",2013,-1.75,"L","N",3,21,95,0,0,0,0,0,1,0,0,"flood",0,1,0.00350877192982456,0,0,1
"1034",2013,-1.75,"JKL","N",50,3.52,115,1,0,7,7,0,9,0,1,"flood",7,16,0.00278260869565217,0.00121739130434783,0.000173913043478261,3
"1035",2013,-1.75,"L","S",8,0.13,10,0,0,0,0,0,0,0,0,"slack",0,0,0,0,0,1
"1036",2013,-1.75,"L","N",1,NA,93,NA,NA,NA,NA,NA,NA,NA,NA,"",NA,NA,NA,NA,NA,1
"1037",2013,-1.75,"J","N",21,0.52,19,0,0,0,0,0,0,0,0,"ebb",0,0,0,0,0,1
"1038",2013,-1.75,"JKL","NS",27,2.63,135,1,1,1,1,0,2,0,3,"ebb",2,3,0.000823045267489712,0.000548696844993141,0.000823045267489712,3
"1039",2013,-1.75,"K","N",2,0,10,0,0,0,0,0,0,0,0,"ebb",0,0,0,0,0,1
"1040",2013,-1.75,"JK","S",9,1.88,25,0,0,0,0,0,0,0,0,"ebb",0,0,0,0,0,2
"1041",2013,-1.75,"JK","N",1,NA,15,0,0,0,0,0,0,0,0,"ebb",0,0,0,0,0,2
"1042",2013,-1.75,"JK","N",39,1.64,71,0,0,2,0,0,3,0,2,"ebb",2,3,0.00108342361863489,0.000722282412423257,0.000722282412423257,2
"1043",2013,-1.75,"KL","S",12,2.58,51,0,0,8,0,0,0,0,0,"flood",8,0,0,0.0130718954248366,0,2
"1044",2013,-1.75,"L","NS",10,NA,8,0,0,0,0,0,0,0,0,"",0,0,0,0,0,1
